DateTime,Currency,Impact,Event,Actual,Forecast,Previous,Detail
2020-01-03T15:00:00+00:00,USD,High Impact Expected,ISM Manufacturing PMI,47.2,49.0,48.1,
2020-01-03T19:00:00+00:00,USD,High Impact Expected,FOMC Meeting Minutes,,,,
2020-01-07T15:00:00+00:00,USD,High Impact Expected,ISM Services PMI,55.0,54.5,53.9,
2020-01-08T13:15:00+00:00,USD,High Impact Expected,ADP Non-Farm Employment Change,202K,160K,124K,
2020-01-08T16:26:00+00:00,USD,High Impact Expected,President Trump Speaks,,,,
2020-01-10T13:30:00+00:00,USD,High Impact Expected,Average Hourly Earnings m/m,0.1%,0.3%,0.3%,
2020-01-10T13:30:00+00:00,USD,High Impact Expected,Non-Farm Employment Change,145K,162K,256K,
2020-01-10T13:30:00+00:00,USD,High Impact Expected,Unemployment Rate,3.5%,3.5%,3.5%,
2020-01-14T13:30:00+00:00,USD,High Impact Expected,Core CPI m/m,0.1%,0.2%,0.2%,
2020-01-14T13:30:00+00:00,USD,High Impact Expected,CPI m/m,0.2%,0.2%,0.3%,
2020-01-14T13:30:00+00:00,USD,High Impact Expected,CPI y/y,2.3%,2.3%,2.1%,
2020-01-16T13:30:00+00:00,USD,High Impact Expected,Core Retail Sales m/m,0.7%,0.5%,0.0%,
2020-01-16T13:30:00+00:00,USD,High Impact Expected,Retail Sales m/m,0.3%,0.3%,0.3%,
2020-01-23T16:00:00+00:00,USD,High Impact Expected,Crude Oil Inventories,-0.4M,-0.1M,-2.5M,
2020-01-24T09:30:00+00:00,USD,High Impact Expected,Treasury Sec Mnuchin Speaks,,,,
2020-01-28T15:00:00+00:00,USD,High Impact Expected,CB Consumer Confidence,131.6,128.2,128.2,
2020-01-29T19:00:00+00:00,USD,High Impact Expected,Federal Funds Rate,1.75%,1.75%,1.75%,
2020-01-29T19:00:00+00:00,USD,High Impact Expected,FOMC Statement,,,,
2020-01-29T19:30:00+00:00,USD,High Impact Expected,FOMC Press Conference,,,,
2020-01-30T13:30:00+00:00,USD,High Impact Expected,Advance GDP q/q,2.1%,2.1%,2.1%,
2020-02-03T15:00:00+00:00,USD,High Impact Expected,ISM Manufacturing PMI,50.9,48.5,47.2,
2020-02-05T02:00:00+00:00,USD,High Impact Expected,President Trump Speaks,,,,
2020-02-05T13:15:00+00:00,USD,High Impact Expected,ADP Non-Farm Employment Change,291K,157K,199K,
2020-02-05T15:00:00+00:00,USD,High Impact Expected,ISM Services PMI,55.5,55.1,55.0,
2020-02-07T13:30:00+00:00,USD,High Impact Expected,Average Hourly Earnings m/m,0.2%,0.3%,0.1%,
2020-02-07T13:30:00+00:00,USD,High Impact Expected,Non-Farm Employment Change,225K,163K,147K,
2020-02-07T13:30:00+00:00,USD,High Impact Expected,Unemployment Rate,3.6%,3.5%,3.5%,
2020-02-11T15:00:00+00:00,USD,High Impact Expected,Fed Chair Powell Testifies,,,,
2020-02-12T14:30:00+00:00,USD,High Impact Expected,Fed Chair Powell Testifies,,,,
2020-02-13T13:30:00+00:00,USD,High Impact Expected,Core CPI m/m,0.2%,0.2%,0.1%,
2020-02-13T13:30:00+00:00,USD,High Impact Expected,CPI m/m,0.1%,0.2%,0.2%,
2020-02-13T13:30:00+00:00,USD,High Impact Expected,CPI y/y,2.5%,2.4%,2.3%,
2020-02-14T13:30:00+00:00,USD,High Impact Expected,Core Retail Sales m/m,0.3%,0.3%,0.6%,
2020-02-14T13:30:00+00:00,USD,High Impact Expected,Retail Sales m/m,0.3%,0.3%,0.2%,
2020-02-19T19:00:00+00:00,USD,High Impact Expected,FOMC Meeting Minutes,,,,
2020-02-21T14:45:00+00:00,USD,High Impact Expected,Flash Manufacturing PMI,50.8,51.5,51.9,
2020-02-25T15:00:00+00:00,USD,High Impact Expected,CB Consumer Confidence,130.7,132.6,130.4,
2020-02-28T19:30:00+00:00,USD,High Impact Expected,Fed Announcement,,,,
2020-03-02T15:00:00+00:00,USD,High Impact Expected,ISM Manufacturing PMI,50.1,50.5,50.9,
2020-03-03T15:00:00+00:00,USD,High Impact Expected,Federal Funds Rate,1.25%,,1.75%,
2020-03-03T15:00:00+00:00,USD,High Impact Expected,FOMC Statement,,,,
2020-03-03T16:00:00+00:00,USD,High Impact Expected,FOMC Press Conference,,,,
2020-03-04T13:15:00+00:00,USD,High Impact Expected,ADP Non-Farm Employment Change,183K,170K,209K,
2020-03-04T15:00:00+00:00,USD,High Impact Expected,ISM Services PMI,57.3,54.9,55.5,
2020-03-06T13:30:00+00:00,USD,High Impact Expected,Unemployment Rate,3.5%,3.6%,3.6%,
2020-03-06T13:30:00+00:00,USD,High Impact Expected,Non-Farm Employment Change,273K,175K,273K,
2020-03-06T13:30:00+00:00,USD,High Impact Expected,Average Hourly Earnings m/m,0.3%,0.3%,0.2%,
2020-03-09T22:34:00+00:00,USD,High Impact Expected,President Trump Speaks,,,,
2020-03-11T12:30:00+00:00,USD,High Impact Expected,Core CPI m/m,0.2%,0.2%,0.2%,
2020-03-11T12:30:00+00:00,USD,High Impact Expected,CPI m/m,0.1%,0.0%,0.1%,
2020-03-11T12:30:00+00:00,USD,High Impact Expected,CPI y/y,2.3%,2.2%,2.5%,
2020-03-11T14:00:00+00:00,USD,High Impact Expected,Treasury Sec Mnuchin Speaks,,,,
2020-03-12T01:00:00+00:00,USD,High Impact Expected,President Trump Speaks,,,,
2020-03-13T19:30:00+00:00,USD,High Impact Expected,President Trump Speaks,,,,
2020-03-15T21:00:00+00:00,USD,High Impact Expected,FOMC Statement,,,,
2020-03-15T21:00:00+00:00,USD,High Impact Expected,Fed Announcement,,,,
2020-03-15T21:00:00+00:00,USD,High Impact Expected,Federal Funds Rate,<0.25%,,1.25%,
2020-03-15T21:17:00+00:00,USD,High Impact Expected,President Trump Speaks,,,,
2020-03-15T22:30:00+00:00,USD,High Impact Expected,FOMC Press Conference,,,,
2020-03-16T19:25:00+00:00,USD,High Impact Expected,President Trump Speaks,,,,
2020-03-17T12:30:00+00:00,USD,High Impact Expected,Core Retail Sales m/m,-0.4%,0.1%,0.6%,
2020-03-17T12:30:00+00:00,USD,High Impact Expected,Retail Sales m/m,-0.5%,0.2%,0.6%,
2020-03-17T14:45:00+00:00,USD,High Impact Expected,Fed Announcement,,,,
2020-03-17T15:40:00+00:00,USD,High Impact Expected,President Trump Speaks,,,,
2020-03-17T22:00:00+00:00,USD,High Impact Expected,Fed Announcement,,,,
2020-03-18T16:07:00+00:00,USD,High Impact Expected,President Trump Speaks,,,,
2020-03-19T13:00:00+00:00,USD,High Impact Expected,Fed Announcement,,,,
2020-03-19T15:38:00+00:00,USD,High Impact Expected,President Trump Speaks,,,,
2020-03-20T14:00:00+00:00,USD,High Impact Expected,Fed Announcement,,,,
2020-03-20T15:00:00+00:00,USD,High Impact Expected,Fed Announcement,,,,
2020-03-20T15:50:00+00:00,USD,High Impact Expected,President Trump Speaks,,,,
2020-03-21T16:30:00+00:00,USD,High Impact Expected,President Trump Speaks,,,,
2020-03-23T12:00:00+00:00,USD,High Impact Expected,Fed Announcement,,,,
2020-03-23T22:12:00+00:00,USD,High Impact Expected,President Trump Speaks,,,,
2020-03-24T13:45:00+00:00,USD,High Impact Expected,Flash Manufacturing PMI,49.2,45.1,50.7,
2020-03-24T16:05:00+00:00,USD,High Impact Expected,President Trump Speaks,,,,
2020-03-26T11:06:00+00:00,USD,High Impact Expected,Fed Chair Powell Speaks,,,,
2020-03-26T12:30:00+00:00,USD,High Impact Expected,Unemployment Claims,3283K,1648K,282K,
2020-03-27T21:30:00+00:00,USD,High Impact Expected,President Trump Speaks,,,,
2020-03-29T22:43:00+01:00,USD,High Impact Expected,President Trump Speaks,,,,
2020-03-30T22:15:00+01:00,USD,High Impact Expected,President Trump Speaks,,,,
2020-03-31T13:30:00+01:00,USD,High Impact Expected,Fed Announcement,,,,
2020-03-31T15:00:00+01:00,USD,High Impact Expected,CB Consumer Confidence,120.0,115.1,132.6,
2020-03-31T22:30:00+01:00,USD,High Impact Expected,President Trump Speaks,,,,
2020-04-01T13:15:00+01:00,USD,High Impact Expected,ADP Non-Farm Employment Change,-27K,-150K,179K,
2020-04-01T15:00:00+01:00,USD,High Impact Expected,ISM Manufacturing PMI,49.1,44.9,50.1,
2020-04-01T22:37:00+01:00,USD,High Impact Expected,President Trump Speaks,,,,
2020-04-02T13:30:00+01:00,USD,High Impact Expected,Unemployment Claims,6648K,3600K,3307K,
2020-04-02T22:23:00+01:00,USD,High Impact Expected,President Trump Speaks,,,,
2020-04-03T13:30:00+01:00,USD,High Impact Expected,Average Hourly Earnings m/m,0.4%,0.2%,0.3%,
2020-04-03T13:30:00+01:00,USD,High Impact Expected,Non-Farm Employment Change,-701K,-100K,275K,
2020-04-03T13:30:00+01:00,USD,High Impact Expected,Unemployment Rate,4.4%,3.8%,3.5%,
2020-04-04T20:30:00+01:00,USD,High Impact Expected,President Trump Speaks,,,,
2020-04-05T23:45:00+01:00,USD,High Impact Expected,President Trump Speaks,,,,
2020-04-06T22:42:00+01:00,USD,High Impact Expected,President Trump Speaks,,,,
2020-04-07T22:42:00+01:00,USD,High Impact Expected,President Trump Speaks,,,,
2020-04-08T22:46:00+01:00,USD,High Impact Expected,President Trump Speaks,,,,
2020-04-09T13:30:00+01:00,USD,High Impact Expected,Unemployment Claims,6606K,5000K,6867K,
2020-04-09T13:30:00+01:00,USD,High Impact Expected,Fed Announcement,,,,
2020-04-09T15:00:00+01:00,USD,High Impact Expected,Fed Chair Powell Speaks,,,,
2020-04-09T23:24:00+01:00,USD,High Impact Expected,President Trump Speaks,,,,
2020-04-10T13:30:00+01:00,USD,High Impact Expected,Core CPI m/m,-0.1%,0.1%,0.2%,
2020-04-10T13:30:00+01:00,USD,High Impact Expected,CPI m/m,-0.4%,-0.3%,0.1%,
2020-04-10T13:30:00+01:00,USD,High Impact Expected,CPI y/y,1.5%,1.6%,2.3%,
2020-04-10T19:00:00+01:00,USD,High Impact Expected,President Trump Speaks,,,,
2020-04-13T22:49:00+01:00,USD,High Impact Expected,President Trump Speaks,,,,
2020-04-14T23:15:00+01:00,USD,High Impact Expected,President Trump Speaks,,,,
2020-04-15T13:30:00+01:00,USD,High Impact Expected,Retail Sales m/m,-8.7%,-8.0%,-0.4%,
2020-04-15T13:30:00+01:00,USD,High Impact Expected,Core Retail Sales m/m,-4.5%,-4.9%,-0.4%,
2020-04-15T22:50:00+01:00,USD,High Impact Expected,President Trump Speaks,,,,
2020-04-16T13:30:00+01:00,USD,High Impact Expected,Unemployment Claims,5245K,5350K,6615K,
2020-04-16T23:08:00+01:00,USD,High Impact Expected,President Trump Speaks,,,,
2020-04-17T23:00:00+01:00,USD,High Impact Expected,President Trump Speaks,,,,
2020-04-18T23:00:00+01:00,USD,High Impact Expected,President Trump Speaks,,,,
2020-04-19T23:25:00+01:00,USD,High Impact Expected,President Trump Speaks,,,,
2020-04-20T22:40:00+01:00,USD,High Impact Expected,President Trump Speaks,,,,
2020-04-21T22:46:00+01:00,USD,High Impact Expected,President Trump Speaks,,,,
2020-04-22T23:11:00+01:00,USD,High Impact Expected,President Trump Speaks,,,,
2020-04-23T13:30:00+01:00,USD,High Impact Expected,Unemployment Claims,4427K,4350K,5237K,
2020-04-23T14:45:00+01:00,USD,High Impact Expected,Flash Manufacturing PMI,36.9,35.1,48.5,
2020-04-23T22:43:00+01:00,USD,High Impact Expected,President Trump Speaks,,,,
2020-04-24T13:30:00+01:00,USD,High Impact Expected,Core Durable Goods Orders m/m,-0.2%,-6.1%,-0.7%,
2020-04-24T22:40:00+01:00,USD,High Impact Expected,President Trump Speaks,,,,
2020-04-27T22:38:00+01:00,USD,High Impact Expected,President Trump Speaks,,,,
2020-04-28T15:00:00+01:00,USD,High Impact Expected,CB Consumer Confidence,86.9,88.3,118.8,
2020-04-29T13:32:00+01:00,USD,High Impact Expected,Advance GDP q/q,-4.8%,-4.0%,2.1%,
2020-04-29T19:00:00+01:00,USD,High Impact Expected,FOMC Statement,,,,
2020-04-29T19:30:00+01:00,USD,High Impact Expected,FOMC Press Conference,,,,
2020-04-30T13:30:00+01:00,USD,High Impact Expected,Unemployment Claims,3839K,3500K,4442K,
2020-04-30T15:00:00+01:00,USD,High Impact Expected,Fed Announcement,,,,
2020-05-01T15:00:00+01:00,USD,High Impact Expected,ISM Manufacturing PMI,41.5,36.7,49.1,
2020-05-05T15:00:00+01:00,USD,High Impact Expected,ISM Services PMI,41.8,37.5,52.5,
2020-05-06T13:15:00+01:00,USD,High Impact Expected,ADP Non-Farm Employment Change,-20236K,-20500K,-149K,
2020-05-07T13:30:00+01:00,USD,High Impact Expected,Unemployment Claims,3169K,3000K,3846K,
2020-05-08T13:00:00+01:00,USD,High Impact Expected,President Trump Speaks,,,,
2020-05-08T13:30:00+01:00,USD,High Impact Expected,Unemployment Rate,14.7%,16.0%,4.4%,
2020-05-08T13:30:00+01:00,USD,High Impact Expected,Average Hourly Earnings m/m,4.7%,0.5%,0.5%,
2020-05-08T13:30:00+01:00,USD,High Impact Expected,Non-Farm Employment Change,-20537K,-22000K,-881K,
2020-05-12T13:30:00+01:00,USD,High Impact Expected,Core CPI m/m,-0.4%,-0.2%,-0.1%,
2020-05-12T13:30:00+01:00,USD,High Impact Expected,CPI m/m,-0.8%,-0.7%,-0.4%,
2020-05-12T13:30:00+01:00,USD,High Impact Expected,CPI y/y,0.3%,0.4%,1.5%,
2020-05-13T14:00:00+01:00,USD,High Impact Expected,Fed Chair Powell Speaks,,,,
2020-05-15T13:30:00+01:00,USD,High Impact Expected,Core Retail Sales m/m,-17.2%,-8.6%,-4.0%,
2020-05-15T13:30:00+01:00,USD,High Impact Expected,Retail Sales m/m,-16.4%,-12.0%,-8.3%,
2020-05-18T00:00:00+01:00,USD,High Impact Expected,Fed Chair Powell Speaks,,,,
2020-05-19T15:00:00+01:00,USD,High Impact Expected,Fed Chair Powell Testifies,,,,
2020-05-21T14:45:00+01:00,USD,High Impact Expected,Flash Manufacturing PMI,39.8,39.3,36.1,
2020-05-21T19:30:00+01:00,USD,High Impact Expected,Fed Chair Powell Speaks,,,,
2020-05-28T13:30:00+01:00,USD,High Impact Expected,Prelim GDP q/q,-5.0%,-4.8%,-4.8%,
2020-05-29T16:00:00+01:00,USD,High Impact Expected,Fed Chair Powell Speaks,,,,
2020-05-29T19:00:00+01:00,USD,High Impact Expected,President Trump Speaks,,,,
2020-06-01T15:00:00+01:00,USD,High Impact Expected,ISM Manufacturing PMI,43.1,43.5,41.5,
2020-06-03T13:15:00+01:00,USD,High Impact Expected,ADP Non-Farm Employment Change,-2760K,-9000K,-19557K,
2020-06-03T15:00:00+01:00,USD,High Impact Expected,ISM Services PMI,45.4,44.2,41.8,
2020-06-05T13:30:00+01:00,USD,High Impact Expected,Average Hourly Earnings m/m,-1.0%,1.0%,4.7%,
2020-06-05T13:30:00+01:00,USD,High Impact Expected,Non-Farm Employment Change,2509K,-7750K,-20687K,
2020-06-05T13:30:00+01:00,USD,High Impact Expected,Unemployment Rate,13.3%,19.4%,14.7%,
2020-06-10T13:30:00+01:00,USD,High Impact Expected,Core CPI m/m,-0.1%,0.0%,-0.4%,
2020-06-10T13:30:00+01:00,USD,High Impact Expected,CPI m/m,-0.1%,0.0%,-0.8%,
2020-06-10T13:30:00+01:00,USD,High Impact Expected,CPI y/y,0.1%,0.3%,0.3%,
2020-06-10T19:00:00+01:00,USD,High Impact Expected,FOMC Statement,,,,
2020-06-10T19:00:00+01:00,USD,High Impact Expected,FOMC Economic Projections,,,,
2020-06-10T19:00:00+01:00,USD,High Impact Expected,Federal Funds Rate,<0.25%,<0.25%,<0.25%,
2020-06-10T19:30:00+01:00,USD,High Impact Expected,FOMC Press Conference,,,,
2020-06-12T15:00:00+01:00,USD,High Impact Expected,Prelim UoM Consumer Sentiment,78.9,75.0,72.3,
2020-06-15T19:00:00+01:00,USD,High Impact Expected,Fed Announcement,,,,
2020-06-16T13:30:00+01:00,USD,High Impact Expected,Core Retail Sales m/m,12.4%,5.5%,-15.2%,
2020-06-16T13:30:00+01:00,USD,High Impact Expected,Retail Sales m/m,17.7%,7.9%,-14.7%,
2020-06-16T15:00:00+01:00,USD,High Impact Expected,Fed Chair Powell Testifies,,,,
2020-06-17T17:00:00+01:00,USD,High Impact Expected,Fed Chair Powell Testifies,,,,
2020-06-30T17:30:00+01:00,USD,High Impact Expected,Fed Chair Powell Testifies,,,,
2020-07-01T13:15:00+01:00,USD,High Impact Expected,ADP Non-Farm Employment Change,2369K,2850K,3065K,
2020-07-02T13:30:00+01:00,USD,High Impact Expected,Average Hourly Earnings m/m,-1.2%,-0.8%,-1.0%,
2020-07-02T13:30:00+01:00,USD,High Impact Expected,Non-Farm Employment Change,4800K,3037K,2699K,
2020-07-02T13:30:00+01:00,USD,High Impact Expected,Unemployment Rate,11.1%,12.4%,13.3%,
2020-07-02T14:30:00+01:00,USD,High Impact Expected,President Trump Speaks,,,,
2020-07-06T15:00:00+01:00,USD,High Impact Expected,ISM Services PMI,57.1,50.0,45.4,
2020-07-14T13:30:00+01:00,USD,High Impact Expected,CPI y/y,0.6%,0.6%,0.1%,
2020-07-14T22:00:00+01:00,USD,High Impact Expected,President Trump Speaks,,,,
2020-07-16T13:30:00+01:00,USD,High Impact Expected,Core Retail Sales m/m,7.3%,5.0%,12.1%,
2020-07-16T13:30:00+01:00,USD,High Impact Expected,Retail Sales m/m,7.5%,5.0%,18.2%,
2020-07-21T22:00:00+01:00,USD,High Impact Expected,President Trump Speaks,,,,
2020-07-28T14:30:00+01:00,USD,High Impact Expected,Fed Announcement,,,,
2020-07-29T15:00:00+01:00,USD,High Impact Expected,Pending Home Sales m/m,16.6%,15.6%,44.3%,
2020-07-29T19:00:00+01:00,USD,High Impact Expected,FOMC Statement,,,,
2020-07-29T19:30:00+01:00,USD,High Impact Expected,FOMC Press Conference,,,,
2020-07-30T13:30:00+01:00,USD,High Impact Expected,Advance GDP q/q,-32.9%,-34.5%,-5.0%,
2020-08-03T15:00:00+01:00,USD,High Impact Expected,ISM Manufacturing PMI,54.2,53.6,52.6,
2020-08-05T15:00:00+01:00,USD,High Impact Expected,ISM Services PMI,58.1,55.0,57.1,
2020-08-07T13:30:00+01:00,USD,High Impact Expected,Unemployment Rate,10.2%,10.5%,11.1%,
2020-08-07T13:30:00+01:00,USD,High Impact Expected,Non-Farm Employment Change,1763K,1530K,4791K,
2020-08-07T13:30:00+01:00,USD,High Impact Expected,Average Hourly Earnings m/m,0.2%,-0.5%,-1.3%,
2020-08-12T13:30:00+01:00,USD,High Impact Expected,CPI y/y,1.0%,0.7%,0.6%,
2020-08-12T13:30:00+01:00,USD,High Impact Expected,CPI m/m,0.6%,0.3%,0.6%,
2020-08-12T13:30:00+01:00,USD,High Impact Expected,Core CPI m/m,0.6%,0.2%,0.2%,
2020-08-14T13:30:00+01:00,USD,High Impact Expected,Core Retail Sales m/m,1.9%,1.3%,8.3%,
2020-08-14T13:30:00+01:00,USD,High Impact Expected,Retail Sales m/m,1.2%,2.0%,8.4%,
2020-08-27T14:10:00+01:00,USD,High Impact Expected,Fed Chair Powell Speaks,,,,
2020-09-01T15:00:00+01:00,USD,High Impact Expected,ISM Manufacturing PMI,56.0,54.6,54.2,
2020-09-02T13:15:00+01:00,USD,High Impact Expected,ADP Non-Farm Employment Change,428K,1250K,212K,
2020-09-03T15:00:00+01:00,USD,High Impact Expected,ISM Services PMI,56.9,57.0,58.1,
2020-09-04T13:30:00+01:00,USD,High Impact Expected,Average Hourly Earnings m/m,0.4%,0.0%,0.1%,
2020-09-04T13:30:00+01:00,USD,High Impact Expected,Non-Farm Employment Change,1371K,1375K,1734K,
2020-09-04T13:30:00+01:00,USD,High Impact Expected,Unemployment Rate,8.4%,9.8%,10.2%,
2020-09-11T13:30:00+01:00,USD,High Impact Expected,CPI y/y,1.3%,1.2%,1.0%,
2020-09-16T13:30:00+01:00,USD,High Impact Expected,Core Retail Sales m/m,0.7%,1.0%,1.3%,
2020-09-16T19:00:00+01:00,USD,High Impact Expected,FOMC Statement,,,,
2020-09-16T19:00:00+01:00,USD,High Impact Expected,FOMC Economic Projections,,,,
2020-09-16T19:30:00+01:00,USD,High Impact Expected,FOMC Press Conference,,,,
2020-09-21T15:00:00+01:00,USD,High Impact Expected,Fed Chair Powell Speaks,,,,
2020-09-22T15:30:00+01:00,USD,High Impact Expected,Fed Chair Powell Testifies,,,,
2020-09-23T14:45:00+01:00,USD,High Impact Expected,Flash Manufacturing PMI,53.5,52.5,53.1,
2020-09-23T15:00:00+01:00,USD,High Impact Expected,Fed Chair Powell Testifies,,,,
2020-09-24T15:00:00+01:00,USD,High Impact Expected,Fed Chair Powell Testifies,,,,
2020-09-24T15:00:00+01:00,USD,High Impact Expected,Treasury Sec Mnuchin Speaks,,,,
2020-10-01T15:00:00+01:00,USD,High Impact Expected,ISM Manufacturing PMI,55.4,56.0,56.0,
2020-10-02T13:30:00+01:00,USD,High Impact Expected,Average Hourly Earnings m/m,0.1%,0.5%,0.3%,
2020-10-02T13:30:00+01:00,USD,High Impact Expected,Non-Farm Employment Change,661K,900K,1489K,
2020-10-02T13:30:00+01:00,USD,High Impact Expected,Unemployment Rate,7.9%,8.2%,8.4%,
2020-10-05T15:00:00+01:00,USD,High Impact Expected,ISM Services PMI,57.8,56.3,56.9,
2020-10-06T15:40:00+01:00,USD,High Impact Expected,Fed Chair Powell Speaks,,,,
2020-10-07T19:00:00+01:00,USD,High Impact Expected,FOMC Meeting Minutes,,,,
2020-10-13T13:30:00+01:00,USD,High Impact Expected,CPI y/y,1.4%,1.4%,1.3%,
2020-10-16T13:30:00+01:00,USD,High Impact Expected,Core Retail Sales m/m,1.5%,0.4%,0.5%,
2020-10-16T13:30:00+01:00,USD,High Impact Expected,Retail Sales m/m,1.9%,0.7%,0.6%,
2020-10-19T13:00:00+01:00,USD,High Impact Expected,Fed Chair Powell Speaks,,,,
2020-10-29T12:30:00+00:00,USD,High Impact Expected,Advance GDP q/q,33.1%,32.0%,-31.4%,
2020-10-30T15:00:00+00:00,USD,High Impact Expected,Fed Announcement,,,,
2020-11-02T15:00:00+00:00,USD,High Impact Expected,ISM Manufacturing PMI,59.3,55.6,55.4,
2020-11-03T23:59:59+00:00,USD,High Impact Expected,Presidential Election,,,,
2020-11-03T23:59:59+00:00,USD,High Impact Expected,Congressional Elections,,,,
2020-11-04T15:00:00+00:00,USD,High Impact Expected,ISM Services PMI,56.6,57.4,57.8,
2020-11-05T19:00:00+00:00,USD,High Impact Expected,FOMC Statement,,,,
2020-11-05T19:30:00+00:00,USD,High Impact Expected,FOMC Press Conference,,,,
2020-11-06T13:30:00+00:00,USD,High Impact Expected,Unemployment Rate,6.9%,7.7%,7.9%,
2020-11-06T13:30:00+00:00,USD,High Impact Expected,Non-Farm Employment Change,638K,595K,672K,
2020-11-06T13:30:00+00:00,USD,High Impact Expected,Average Hourly Earnings m/m,0.1%,0.2%,0.0%,
2020-11-12T13:30:00+00:00,USD,High Impact Expected,CPI y/y,1.2%,1.3%,1.4%,
2020-11-12T16:45:00+00:00,USD,High Impact Expected,Fed Chair Powell Speaks,,,,
2020-11-17T13:30:00+00:00,USD,High Impact Expected,Core Retail Sales m/m,0.2%,0.6%,1.2%,
2020-11-17T13:30:00+00:00,USD,High Impact Expected,Retail Sales m/m,0.3%,0.5%,1.6%,
2020-11-17T18:00:00+00:00,USD,High Impact Expected,Fed Chair Powell Speaks,,,,
2020-11-25T19:00:00+00:00,USD,High Impact Expected,FOMC Meeting Minutes,,,,
2020-12-01T15:00:00+00:00,USD,High Impact Expected,Fed Chair Powell Testifies,,,,
2020-12-01T15:00:00+00:00,USD,High Impact Expected,ISM Manufacturing PMI,57.5,57.9,59.3,
2020-12-02T15:00:00+00:00,USD,High Impact Expected,Fed Chair Powell Testifies,,,,
2020-12-04T13:30:00+00:00,USD,High Impact Expected,Average Hourly Earnings m/m,0.3%,0.1%,0.1%,
2020-12-04T13:30:00+00:00,USD,High Impact Expected,Non-Farm Employment Change,245K,480K,610K,
2020-12-04T13:30:00+00:00,USD,High Impact Expected,Unemployment Rate,6.7%,6.8%,6.9%,
2020-12-10T13:30:00+00:00,USD,High Impact Expected,CPI y/y,1.2%,1.2%,1.2%,
2020-12-16T13:30:00+00:00,USD,High Impact Expected,Retail Sales m/m,-1.1%,-0.3%,-0.1%,
2020-12-16T13:30:00+00:00,USD,High Impact Expected,Core Retail Sales m/m,-0.9%,0.1%,-0.1%,
2020-12-16T14:45:00+00:00,USD,High Impact Expected,Flash Manufacturing PMI,56.5,55.9,56.7,
2020-12-16T19:00:00+00:00,USD,High Impact Expected,FOMC Economic Projections,,,,
2020-12-16T19:00:00+00:00,USD,High Impact Expected,FOMC Statement,,,,
2020-12-16T19:30:00+00:00,USD,High Impact Expected,FOMC Press Conference,,,,
2021-01-06T19:00:00+00:00,USD,High Impact Expected,FOMC Meeting Minutes,,,,
2021-01-08T13:30:00+00:00,USD,High Impact Expected,Unemployment Rate,6.7%,6.8%,6.7%,
2021-01-08T13:30:00+00:00,USD,High Impact Expected,Non-Farm Employment Change,-140K,60K,336K,
2021-01-08T13:30:00+00:00,USD,High Impact Expected,Average Hourly Earnings m/m,0.8%,0.2%,0.3%,
2021-01-13T13:30:00+00:00,USD,High Impact Expected,CPI y/y,1.4%,1.4%,1.2%,
2021-01-14T17:30:00+00:00,USD,High Impact Expected,Fed Chair Powell Speaks,,,,
2021-01-15T00:15:00+00:00,USD,High Impact Expected,President Biden Speaks,,,,
2021-01-15T13:30:00+00:00,USD,High Impact Expected,Core Retail Sales m/m,-1.4%,-0.1%,-1.3%,
2021-01-15T13:30:00+00:00,USD,High Impact Expected,Retail Sales m/m,-0.7%,0.0%,-1.4%,
2021-01-20T16:52:00+00:00,USD,High Impact Expected,President Biden Speaks,,,,
2021-01-27T19:00:00+00:00,USD,High Impact Expected,FOMC Statement,,,,
2021-01-27T19:30:00+00:00,USD,High Impact Expected,FOMC Press Conference,,,,
2021-01-28T13:30:00+00:00,USD,High Impact Expected,Advance GDP q/q,4.0%,4.2%,33.4%,
2021-02-01T15:00:00+00:00,USD,High Impact Expected,ISM Manufacturing PMI,58.7,60.0,60.7,
2021-02-05T13:30:00+00:00,USD,High Impact Expected,Average Hourly Earnings m/m,0.2%,0.3%,1.0%,
2021-02-05T13:30:00+00:00,USD,High Impact Expected,Non-Farm Employment Change,49K,85K,-227K,
2021-02-05T13:30:00+00:00,USD,High Impact Expected,Unemployment Rate,6.3%,6.7%,6.7%,
2021-02-10T13:30:00+00:00,USD,High Impact Expected,CPI m/m,0.3%,0.3%,0.4%,
2021-02-10T13:30:00+00:00,USD,High Impact Expected,CPI y/y,1.4%,1.4%,1.4%,
2021-02-10T19:00:00+00:00,USD,High Impact Expected,Fed Chair Powell Speaks,,,,
2021-02-17T13:30:00+00:00,USD,High Impact Expected,Retail Sales m/m,5.3%,1.1%,-1.0%,
2021-02-17T13:30:00+00:00,USD,High Impact Expected,Core Retail Sales m/m,5.9%,1.1%,-1.8%,
2021-02-23T15:00:00+00:00,USD,High Impact Expected,Fed Chair Powell Testifies,,,,
2021-02-24T15:00:00+00:00,USD,High Impact Expected,Fed Chair Powell Testifies,,,,
2021-03-01T15:00:00+00:00,USD,High Impact Expected,ISM Manufacturing PMI,60.8,58.7,58.7,
2021-03-04T17:05:00+00:00,USD,High Impact Expected,Fed Chair Powell Speaks,,,,
2021-03-05T13:30:00+00:00,USD,High Impact Expected,Non-Farm Employment Change,379K,197K,166K,
2021-03-05T13:30:00+00:00,USD,High Impact Expected,Unemployment Rate,6.2%,6.3%,6.3%,
2021-03-05T13:30:00+00:00,USD,High Impact Expected,Average Hourly Earnings m/m,0.2%,0.2%,0.1%,
2021-03-10T12:30:00+00:00,USD,High Impact Expected,CPI y/y,1.7%,1.7%,1.4%,
2021-03-10T13:30:00+00:00,USD,High Impact Expected,Core CPI m/m,0.1%,0.2%,0.0%,
2021-03-10T13:30:00+00:00,USD,High Impact Expected,CPI m/m,0.4%,0.4%,0.3%,
2021-03-16T12:30:00+00:00,USD,High Impact Expected,Core Retail Sales m/m,-2.7%,0.2%,8.3%,
2021-03-16T12:30:00+00:00,USD,High Impact Expected,Retail Sales m/m,-3.0%,-0.5%,7.6%,
2021-03-17T18:00:00+00:00,USD,High Impact Expected,FOMC Economic Projections,,,,
2021-03-17T18:00:00+00:00,USD,High Impact Expected,FOMC Statement,,,,
2021-03-17T18:30:00+00:00,USD,High Impact Expected,FOMC Press Conference,,,,
2021-03-18T15:55:00+00:00,USD,High Impact Expected,Fed Chair Powell Speaks,,,,
2021-03-19T13:00:00+00:00,USD,High Impact Expected,Fed Announcement,,,,
2021-03-22T13:00:00+00:00,USD,High Impact Expected,Fed Chair Powell Speaks,,,,
2021-03-23T16:00:00+00:00,USD,High Impact Expected,Fed Chair Powell Testifies,,,,
2021-03-24T14:00:00+00:00,USD,High Impact Expected,Fed Chair Powell Testifies,,,,
2021-03-31T13:15:00+01:00,USD,High Impact Expected,ADP Non-Farm Employment Change,517K,552K,176K,
2021-03-31T21:20:00+01:00,USD,High Impact Expected,President Biden Speaks,,,,
2021-04-02T13:30:00+01:00,USD,High Impact Expected,Average Hourly Earnings m/m,-0.1%,0.1%,0.3%,
2021-04-02T13:30:00+01:00,USD,High Impact Expected,Non-Farm Employment Change,916K,652K,468K,
2021-04-02T13:30:00+01:00,USD,High Impact Expected,Unemployment Rate,6.0%,6.0%,6.2%,
2021-04-05T16:00:00+01:00,USD,High Impact Expected,Treasury Sec Yellen Speaks,,,,
2021-04-07T18:45:00+01:00,USD,High Impact Expected,President Biden Speaks,,,,
2021-04-07T19:00:00+01:00,USD,High Impact Expected,FOMC Meeting Minutes,,,,
2021-04-08T17:00:00+01:00,USD,High Impact Expected,Fed Chair Powell Speaks,,,,
2021-04-12T00:00:00+01:00,USD,High Impact Expected,Fed Chair Powell Speaks,,,,
2021-04-13T13:30:00+01:00,USD,High Impact Expected,Core CPI m/m,0.3%,0.2%,0.1%,
2021-04-13T13:30:00+01:00,USD,High Impact Expected,CPI m/m,0.6%,0.5%,0.4%,
2021-04-13T13:30:00+01:00,USD,High Impact Expected,CPI y/y,2.6%,2.5%,1.7%,
2021-04-14T17:00:00+01:00,USD,High Impact Expected,Fed Chair Powell Speaks,,,,
2021-04-15T13:30:00+01:00,USD,High Impact Expected,Core Retail Sales m/m,8.4%,5.1%,-2.5%,
2021-04-15T13:30:00+01:00,USD,High Impact Expected,Retail Sales m/m,9.8%,5.8%,-2.7%,
2021-04-28T19:00:00+01:00,USD,High Impact Expected,FOMC Statement,,,,
2021-04-28T19:30:00+01:00,USD,High Impact Expected,FOMC Press Conference,,,,
2021-04-29T02:00:00+01:00,USD,High Impact Expected,President Biden Speaks,,,,
2021-04-29T13:30:00+01:00,USD,High Impact Expected,Advance GDP q/q,6.4%,6.8%,4.3%,
2021-05-03T19:20:00+01:00,USD,High Impact Expected,Fed Chair Powell Speaks,,,,
2021-05-07T13:30:00+01:00,USD,High Impact Expected,Unemployment Rate,6.1%,5.8%,6.0%,
2021-05-07T13:30:00+01:00,USD,High Impact Expected,Non-Farm Employment Change,266K,990K,770K,
2021-05-07T13:30:00+01:00,USD,High Impact Expected,Average Hourly Earnings m/m,0.7%,0.0%,-0.1%,
2021-05-07T17:30:00+01:00,USD,High Impact Expected,Treasury Sec Yellen Speaks,,,,
2021-05-12T13:30:00+01:00,USD,High Impact Expected,Core CPI m/m,0.9%,0.3%,0.3%,
2021-05-12T13:30:00+01:00,USD,High Impact Expected,CPI m/m,0.8%,0.2%,0.6%,
2021-05-12T13:30:00+01:00,USD,High Impact Expected,CPI y/y,4.2%,3.6%,2.6%,
2021-05-14T13:30:00+01:00,USD,High Impact Expected,Retail Sales m/m,0.0%,1.0%,10.7%,
2021-05-14T13:32:00+01:00,USD,High Impact Expected,Core Retail Sales m/m,-0.8%,0.5%,9.0%,
2021-05-27T13:30:00+01:00,USD,High Impact Expected,Prelim GDP q/q,6.4%,6.5%,6.4%,
2021-06-01T15:00:00+01:00,USD,High Impact Expected,ISM Manufacturing PMI,61.2,60.8,60.7,
2021-06-03T15:00:00+01:00,USD,High Impact Expected,ISM Services PMI,64.0,63.0,62.7,
2021-06-04T12:00:00+01:00,USD,High Impact Expected,Fed Chair Powell Speaks,,,,
2021-06-04T13:30:00+01:00,USD,High Impact Expected,Average Hourly Earnings m/m,0.5%,0.2%,0.7%,
2021-06-04T13:30:00+01:00,USD,High Impact Expected,Non-Farm Employment Change,559K,645K,278K,
2021-06-04T13:30:00+01:00,USD,High Impact Expected,Unemployment Rate,5.8%,5.9%,6.1%,
2021-06-10T13:30:00+01:00,USD,High Impact Expected,CPI y/y,5.0%,4.7%,4.2%,
2021-06-10T13:30:00+01:00,USD,High Impact Expected,CPI m/m,0.6%,0.4%,0.8%,
2021-06-10T13:30:00+01:00,USD,High Impact Expected,Core CPI m/m,0.7%,0.5%,0.9%,
2021-06-15T13:30:00+01:00,USD,High Impact Expected,Core Retail Sales m/m,-0.7%,0.4%,0.0%,
2021-06-15T13:30:00+01:00,USD,High Impact Expected,PPI m/m,0.8%,0.5%,0.6%,
2021-06-15T13:30:00+01:00,USD,High Impact Expected,Retail Sales m/m,-1.3%,-0.6%,0.9%,
2021-06-16T15:00:00+01:00,USD,High Impact Expected,Treasury Sec Yellen Speaks,,,,
2021-06-16T19:00:00+01:00,USD,High Impact Expected,FOMC Economic Projections,,,,
2021-06-16T19:00:00+01:00,USD,High Impact Expected,FOMC Statement,,,,
2021-06-16T19:30:00+01:00,USD,High Impact Expected,FOMC Press Conference,,,,
2021-06-22T19:00:00+01:00,USD,High Impact Expected,Fed Chair Powell Testifies,,,,
2021-06-23T14:45:00+01:00,USD,High Impact Expected,Flash Manufacturing PMI,62.6,61.5,62.1,
2021-06-23T14:45:00+01:00,USD,High Impact Expected,Flash Services PMI,64.8,70.0,70.4,
2021-07-01T15:00:00+01:00,USD,High Impact Expected,ISM Manufacturing PMI,60.6,61.0,61.2,
2021-07-02T13:30:00+01:00,USD,High Impact Expected,Average Hourly Earnings m/m,0.3%,0.3%,0.4%,
2021-07-02T13:30:00+01:00,USD,High Impact Expected,Non-Farm Employment Change,850K,725K,583K,
2021-07-02T13:30:00+01:00,USD,High Impact Expected,Unemployment Rate,5.9%,5.6%,5.8%,
2021-07-06T15:00:00+01:00,USD,High Impact Expected,ISM Services PMI,60.1,63.4,64.0,
2021-07-07T19:00:00+01:00,USD,High Impact Expected,FOMC Meeting Minutes,,,,
2021-07-13T13:30:00+01:00,USD,High Impact Expected,CPI y/y,5.4%,4.9%,5.0%,
2021-07-13T13:30:00+01:00,USD,High Impact Expected,Core CPI m/m,0.9%,0.4%,0.7%,
2021-07-13T13:30:00+01:00,USD,High Impact Expected,CPI m/m,0.9%,0.5%,0.6%,
2021-07-14T13:30:00+01:00,USD,High Impact Expected,PPI m/m,1.0%,0.6%,0.8%,
2021-07-14T17:00:00+01:00,USD,High Impact Expected,Fed Chair Powell Testifies,,,,
2021-07-15T14:30:00+01:00,USD,High Impact Expected,Fed Chair Powell Testifies,,,,
2021-07-16T13:30:00+01:00,USD,High Impact Expected,Core Retail Sales m/m,1.3%,0.4%,-0.9%,
2021-07-16T13:30:00+01:00,USD,High Impact Expected,Retail Sales m/m,0.6%,-0.4%,-1.7%,
2021-07-27T15:00:00+01:00,USD,High Impact Expected,CB Consumer Confidence,129.1,123.9,128.9,
2021-07-28T19:00:00+01:00,USD,High Impact Expected,FOMC Statement,,,,
2021-07-28T19:30:00+01:00,USD,High Impact Expected,FOMC Press Conference,,,,
2021-07-29T13:30:00+01:00,USD,High Impact Expected,Advance GDP q/q,6.5%,8.5%,6.4%,
2021-07-30T13:30:00+01:00,USD,High Impact Expected,Core PCE Price Index m/m,0.4%,0.6%,0.5%,
2021-08-02T15:00:00+01:00,USD,High Impact Expected,ISM Manufacturing PMI,59.5,60.8,60.6,
2021-08-04T13:15:00+01:00,USD,High Impact Expected,ADP Non-Farm Employment Change,330K,695K,680K,
2021-08-04T15:00:00+01:00,USD,High Impact Expected,ISM Services PMI,64.1,60.5,60.1,
2021-08-06T13:30:00+01:00,USD,High Impact Expected,Unemployment Rate,5.4%,5.7%,5.9%,
2021-08-06T13:30:00+01:00,USD,High Impact Expected,Non-Farm Employment Change,943K,870K,938K,
2021-08-06T13:30:00+01:00,USD,High Impact Expected,Average Hourly Earnings m/m,0.4%,0.3%,0.4%,
2021-08-11T13:30:00+01:00,USD,High Impact Expected,CPI y/y,5.4%,5.3%,5.4%,
2021-08-11T13:30:00+01:00,USD,High Impact Expected,Core CPI m/m,0.3%,0.4%,0.9%,
2021-08-11T13:30:00+01:00,USD,High Impact Expected,CPI m/m,0.5%,0.5%,0.9%,
2021-08-12T13:30:00+01:00,USD,High Impact Expected,PPI m/m,1.0%,0.6%,1.0%,
2021-08-17T13:30:00+01:00,USD,High Impact Expected,Retail Sales m/m,-1.1%,-0.2%,0.7%,
2021-08-17T13:30:00+01:00,USD,High Impact Expected,Core Retail Sales m/m,-0.4%,0.2%,1.6%,
2021-08-17T18:30:00+01:00,USD,High Impact Expected,Fed Chair Powell Speaks,,,,
2021-08-18T19:00:00+01:00,USD,High Impact Expected,FOMC Meeting Minutes,,,,
2021-08-26T13:30:00+01:00,USD,High Impact Expected,Prelim GDP q/q,6.6%,6.7%,6.5%,
2021-08-27T13:30:00+01:00,USD,High Impact Expected,Core PCE Price Index m/m,0.3%,0.3%,0.5%,
2021-08-27T15:00:00+01:00,USD,High Impact Expected,Fed Chair Powell Speaks,,,,
2021-09-01T13:15:00+01:00,USD,High Impact Expected,ADP Non-Farm Employment Change,374K,640K,326K,
2021-09-01T15:00:00+01:00,USD,High Impact Expected,ISM Manufacturing PMI,59.9,58.5,59.5,
2021-09-03T13:30:00+01:00,USD,High Impact Expected,Average Hourly Earnings m/m,0.6%,0.3%,0.4%,
2021-09-03T13:30:00+01:00,USD,High Impact Expected,Non-Farm Employment Change,235K,720K,1053K,
2021-09-03T13:30:00+01:00,USD,High Impact Expected,Unemployment Rate,5.2%,5.2%,5.4%,
2021-09-03T15:00:00+01:00,USD,High Impact Expected,ISM Services PMI,61.7,61.9,64.1,
2021-09-10T13:30:00+01:00,USD,High Impact Expected,PPI m/m,0.7%,0.6%,1.0%,
2021-09-14T13:30:00+01:00,USD,High Impact Expected,Core CPI m/m,0.1%,0.3%,0.3%,
2021-09-14T13:30:00+01:00,USD,High Impact Expected,CPI m/m,0.3%,0.4%,0.5%,
2021-09-14T13:30:00+01:00,USD,High Impact Expected,CPI y/y,5.3%,5.3%,5.4%,
2021-09-16T13:30:00+01:00,USD,High Impact Expected,Core Retail Sales m/m,1.8%,-0.1%,-1.0%,
2021-09-16T13:30:00+01:00,USD,High Impact Expected,Retail Sales m/m,0.7%,-0.7%,-1.8%,
2021-09-22T19:00:00+01:00,USD,High Impact Expected,FOMC Economic Projections,,,,
2021-09-22T19:00:00+01:00,USD,High Impact Expected,FOMC Statement,,,,
2021-09-22T19:30:00+01:00,USD,High Impact Expected,FOMC Press Conference,,,,
2021-09-24T15:00:00+01:00,USD,High Impact Expected,Fed Chair Powell Speaks,,,,
2021-09-28T15:00:00+01:00,USD,High Impact Expected,Fed Chair Powell Testifies,,,,
2021-09-29T16:45:00+01:00,USD,High Impact Expected,Fed Chair Powell Speaks,,,,
2021-09-30T15:00:00+01:00,USD,High Impact Expected,Fed Chair Powell Testifies,,,,
2021-10-01T13:30:00+01:00,USD,High Impact Expected,Core PCE Price Index m/m,0.3%,0.2%,0.3%,
2021-10-01T15:00:00+01:00,USD,High Impact Expected,ISM Manufacturing PMI,61.1,59.6,59.9,
2021-10-05T15:00:00+01:00,USD,High Impact Expected,ISM Services PMI,61.9,59.9,61.7,
2021-10-06T13:15:00+01:00,USD,High Impact Expected,ADP Non-Farm Employment Change,568K,425K,340K,
2021-10-08T13:30:00+01:00,USD,High Impact Expected,Average Hourly Earnings m/m,0.6%,0.4%,0.4%,
2021-10-08T13:30:00+01:00,USD,High Impact Expected,Non-Farm Employment Change,194K,490K,366K,
2021-10-08T13:30:00+01:00,USD,High Impact Expected,Unemployment Rate,4.8%,5.1%,5.2%,
2021-10-13T13:30:00+01:00,USD,High Impact Expected,Core CPI m/m,0.2%,0.2%,0.1%,
2021-10-13T13:30:00+01:00,USD,High Impact Expected,CPI m/m,0.4%,0.3%,0.3%,
2021-10-13T13:30:00+01:00,USD,High Impact Expected,CPI y/y,5.4%,5.3%,5.3%,
2021-10-13T19:00:00+01:00,USD,High Impact Expected,FOMC Meeting Minutes,,,,
2021-10-14T13:30:00+01:00,USD,High Impact Expected,PPI m/m,0.5%,0.6%,0.7%,
2021-10-15T13:30:00+01:00,USD,High Impact Expected,Retail Sales m/m,0.7%,-0.2%,0.9%,
2021-10-15T13:30:00+01:00,USD,High Impact Expected,Core Retail Sales m/m,0.8%,0.5%,2.0%,
2021-10-22T16:00:00+01:00,USD,High Impact Expected,Fed Chair Powell Speaks,,,,
2021-10-28T13:30:00+01:00,USD,High Impact Expected,Advance GDP q/q,2.0%,2.6%,6.7%,
2021-10-29T13:30:00+01:00,USD,High Impact Expected,Core PCE Price Index m/m,0.2%,0.2%,0.3%,
2021-11-01T14:00:00+00:00,USD,High Impact Expected,ISM Manufacturing PMI,60.8,60.4,61.1,
2021-11-03T12:15:00+00:00,USD,High Impact Expected,ADP Non-Farm Employment Change,571K,400K,523K,
2021-11-03T14:00:00+00:00,USD,High Impact Expected,ISM Services PMI,66.7,61.9,61.9,
2021-11-03T18:00:00+00:00,USD,High Impact Expected,Federal Funds Rate,<0.25%,<0.25%,<0.25%,
2021-11-03T18:00:00+00:00,USD,High Impact Expected,FOMC Statement,,,,
2021-11-03T18:30:00+00:00,USD,High Impact Expected,FOMC Press Conference,,,,
2021-11-05T12:30:00+00:00,USD,High Impact Expected,Average Hourly Earnings m/m,0.4%,0.4%,0.6%,
2021-11-05T12:30:00+00:00,USD,High Impact Expected,Non-Farm Employment Change,531K,455K,312K,
2021-11-05T12:30:00+00:00,USD,High Impact Expected,Unemployment Rate,4.6%,4.7%,4.8%,
2021-11-08T15:30:00+00:00,USD,High Impact Expected,Fed Chair Powell Speaks,,,,
2021-11-09T13:30:00+00:00,USD,High Impact Expected,PPI m/m,0.6%,0.6%,0.5%,
2021-11-09T14:00:00+00:00,USD,High Impact Expected,Fed Chair Powell Speaks,,,,
2021-11-10T13:30:00+00:00,USD,High Impact Expected,Core CPI m/m,0.6%,0.4%,0.2%,
2021-11-10T13:30:00+00:00,USD,High Impact Expected,CPI m/m,0.9%,0.6%,0.4%,
2021-11-10T13:30:00+00:00,USD,High Impact Expected,CPI y/y,6.2%,5.9%,5.4%,
2021-11-16T13:30:00+00:00,USD,High Impact Expected,Core Retail Sales m/m,1.7%,1.0%,0.7%,
2021-11-16T13:30:00+00:00,USD,High Impact Expected,Retail Sales m/m,1.7%,1.3%,0.8%,
2021-11-24T13:30:00+00:00,USD,High Impact Expected,Prelim GDP q/q,2.1%,2.2%,2.0%,
2021-11-24T15:00:00+00:00,USD,High Impact Expected,Core PCE Price Index m/m,0.4%,0.4%,0.2%,
2021-11-24T19:00:00+00:00,USD,High Impact Expected,FOMC Meeting Minutes,,,,
2021-11-30T15:00:00+00:00,USD,High Impact Expected,Fed Chair Powell Testifies,,,,
2021-12-01T13:15:00+00:00,USD,High Impact Expected,ADP Non-Farm Employment Change,534K,525K,570K,
2021-12-01T15:00:00+00:00,USD,High Impact Expected,Fed Chair Powell Testifies,,,,
2021-12-01T15:00:00+00:00,USD,High Impact Expected,ISM Manufacturing PMI,61.1,61.3,60.8,
2021-12-03T13:30:00+00:00,USD,High Impact Expected,Average Hourly Earnings m/m,0.3%,0.4%,0.4%,
2021-12-03T13:30:00+00:00,USD,High Impact Expected,Non-Farm Employment Change,210K,553K,546K,
2021-12-03T13:30:00+00:00,USD,High Impact Expected,Unemployment Rate,4.2%,4.5%,4.6%,
2021-12-03T14:00:00+00:00,USD,High Impact Expected,Treasury Currency Report,,,,
2021-12-03T15:00:00+00:00,USD,High Impact Expected,ISM Services PMI,69.1,64.9,66.7,
2021-12-08T15:00:00+00:00,USD,High Impact Expected,JOLTS Job Openings,11.03M,10.45M,10.60M,
2021-12-10T13:30:00+00:00,USD,High Impact Expected,Core CPI m/m,0.5%,0.5%,0.6%,
2021-12-10T13:30:00+00:00,USD,High Impact Expected,CPI m/m,0.8%,0.7%,0.9%,
2021-12-10T13:30:00+00:00,USD,High Impact Expected,CPI y/y,6.8%,6.8%,6.2%,
2021-12-14T13:30:00+00:00,USD,High Impact Expected,PPI m/m,0.8%,0.5%,0.6%,
2021-12-15T13:30:00+00:00,USD,High Impact Expected,Core Retail Sales m/m,0.3%,0.9%,1.8%,
2021-12-15T13:30:00+00:00,USD,High Impact Expected,Retail Sales m/m,0.3%,0.8%,1.8%,
2021-12-15T19:00:00+00:00,USD,High Impact Expected,Federal Funds Rate,<0.25%,<0.25%,<0.25%,
2021-12-15T19:00:00+00:00,USD,High Impact Expected,FOMC Economic Projections,,,,
2021-12-15T19:00:00+00:00,USD,High Impact Expected,FOMC Statement,,,,
2021-12-15T19:30:00+00:00,USD,High Impact Expected,FOMC Press Conference,,,,
2021-12-23T13:30:00+00:00,USD,High Impact Expected,Core PCE Price Index m/m,0.5%,0.4%,0.5%,
2022-01-04T15:00:00+00:00,USD,High Impact Expected,ISM Manufacturing PMI,58.7,60.0,61.1,
2022-01-04T15:00:00+00:00,USD,High Impact Expected,JOLTS Job Openings,10.56M,11.06M,11.09M,
2022-01-05T13:15:00+00:00,USD,High Impact Expected,ADP Non-Farm Employment Change,807K,405K,505K,
2022-01-05T19:00:00+00:00,USD,High Impact Expected,FOMC Meeting Minutes,,,,
2022-01-06T15:00:00+00:00,USD,High Impact Expected,ISM Services PMI,62.0,67.0,69.1,
2022-01-07T13:30:00+00:00,USD,High Impact Expected,Unemployment Rate,3.9%,4.1%,4.2%,
2022-01-07T13:30:00+00:00,USD,High Impact Expected,Average Hourly Earnings m/m,0.6%,0.4%,0.4%,
2022-01-07T13:30:00+00:00,USD,High Impact Expected,Non-Farm Employment Change,199K,426K,249K,
2022-01-11T15:00:00+00:00,USD,High Impact Expected,Fed Chair Powell Testifies,,,,
2022-01-12T13:30:00+00:00,USD,High Impact Expected,Core CPI m/m,0.6%,0.5%,0.5%,
2022-01-12T13:30:00+00:00,USD,High Impact Expected,CPI m/m,0.5%,0.4%,0.8%,
2022-01-12T13:30:00+00:00,USD,High Impact Expected,CPI y/y,7.0%,7.0%,6.8%,
2022-01-13T13:30:00+00:00,USD,High Impact Expected,PPI m/m,0.2%,0.4%,0.8%,
2022-01-14T13:30:00+00:00,USD,High Impact Expected,Core Retail Sales m/m,-2.3%,0.2%,0.1%,
2022-01-14T13:30:00+00:00,USD,High Impact Expected,Retail Sales m/m,-1.9%,0.0%,0.2%,
2022-01-26T19:00:00+00:00,USD,High Impact Expected,Federal Funds Rate,<0.25%,<0.25%,<0.25%,
2022-01-26T19:00:00+00:00,USD,High Impact Expected,FOMC Statement,,,,
2022-01-26T19:30:00+00:00,USD,High Impact Expected,FOMC Press Conference,,,,
2022-01-27T13:30:00+00:00,USD,High Impact Expected,Advance GDP q/q,6.9%,5.3%,2.3%,
2022-01-28T13:30:00+00:00,USD,High Impact Expected,Core PCE Price Index m/m,0.5%,0.5%,0.5%,
2022-02-01T15:00:00+00:00,USD,High Impact Expected,JOLTS Job Openings,10.93M,10.35M,10.78M,
2022-02-01T15:00:00+00:00,USD,High Impact Expected,ISM Manufacturing PMI,57.6,57.4,58.7,
2022-02-02T13:15:00+00:00,USD,High Impact Expected,ADP Non-Farm Employment Change,-301K,185K,776K,
2022-02-03T15:00:00+00:00,USD,High Impact Expected,ISM Services PMI,59.9,59.5,62.0,
2022-02-04T13:30:00+00:00,USD,High Impact Expected,Average Hourly Earnings m/m,0.7%,0.5%,0.5%,
2022-02-04T13:30:00+00:00,USD,High Impact Expected,Non-Farm Employment Change,467K,110K,510K,
2022-02-04T13:30:00+00:00,USD,High Impact Expected,Unemployment Rate,4.0%,3.9%,3.9%,
2022-02-10T13:30:00+00:00,USD,High Impact Expected,CPI m/m,0.6%,0.4%,0.5%,
2022-02-10T13:30:00+00:00,USD,High Impact Expected,CPI y/y,7.5%,7.2%,7.0%,
2022-02-10T13:30:00+00:00,USD,High Impact Expected,Core CPI m/m,0.6%,0.5%,0.6%,
2022-02-14T13:30:00+00:00,USD,High Impact Expected,FOMC Member Bullard Speaks,,,,
2022-02-15T13:30:00+00:00,USD,High Impact Expected,PPI m/m,1.0%,0.5%,0.2%,
2022-02-16T13:30:00+00:00,USD,High Impact Expected,Retail Sales m/m,3.8%,2.1%,-2.5%,
2022-02-16T13:30:00+00:00,USD,High Impact Expected,Core Retail Sales m/m,3.3%,1.0%,-2.8%,
2022-02-16T19:00:00+00:00,USD,High Impact Expected,FOMC Meeting Minutes,,,,
2022-02-24T13:30:00+00:00,USD,High Impact Expected,Prelim GDP q/q,7.0%,7.0%,6.9%,
2022-02-25T13:30:00+00:00,USD,High Impact Expected,Core PCE Price Index m/m,0.5%,0.5%,0.5%,
2022-03-01T15:00:00+00:00,USD,High Impact Expected,ISM Manufacturing PMI,58.6,58.0,57.6,
2022-03-02T13:17:00+00:00,USD,High Impact Expected,ADP Non-Farm Employment Change,475K,378K,509K,
2022-03-02T15:00:00+00:00,USD,High Impact Expected,Fed Chair Powell Testifies,,,,
2022-03-03T15:00:00+00:00,USD,High Impact Expected,Fed Chair Powell Testifies,,,,
2022-03-03T15:00:00+00:00,USD,High Impact Expected,ISM Services PMI,56.5,61.2,59.9,
2022-03-04T13:30:00+00:00,USD,High Impact Expected,Unemployment Rate,3.8%,3.9%,4.0%,
2022-03-04T13:30:00+00:00,USD,High Impact Expected,Average Hourly Earnings m/m,0.0%,0.5%,0.6%,
2022-03-04T13:30:00+00:00,USD,High Impact Expected,Non-Farm Employment Change,678K,407K,481K,
2022-03-09T15:00:00+00:00,USD,High Impact Expected,JOLTS Job Openings,11.26M,10.96M,11.45M,
2022-03-10T12:30:00+00:00,USD,High Impact Expected,CPI y/y,7.9%,7.9%,7.5%,
2022-03-10T13:30:00+00:00,USD,High Impact Expected,Core CPI m/m,0.5%,0.5%,0.6%,
2022-03-10T13:30:00+00:00,USD,High Impact Expected,CPI m/m,0.8%,0.8%,0.6%,
2022-03-11T15:00:00+00:00,USD,High Impact Expected,Prelim UoM Consumer Sentiment,59.7,61.4,62.8,
2022-03-15T12:30:00+00:00,USD,High Impact Expected,PPI m/m,0.8%,1.0%,1.0%,
2022-03-16T12:30:00+00:00,USD,High Impact Expected,Retail Sales m/m,0.3%,0.4%,4.9%,
2022-03-16T12:30:00+00:00,USD,High Impact Expected,Core Retail Sales m/m,0.2%,0.9%,4.4%,
2022-03-16T18:00:00+00:00,USD,High Impact Expected,Federal Funds Rate,0.50%,0.50%,<0.25%,
2022-03-16T18:00:00+00:00,USD,High Impact Expected,FOMC Economic Projections,,,,
2022-03-16T18:00:00+00:00,USD,High Impact Expected,FOMC Statement,,,,
2022-03-16T18:30:00+00:00,USD,High Impact Expected,FOMC Press Conference,,,,
2022-03-21T16:30:00+00:00,USD,High Impact Expected,Fed Chair Powell Speaks,,,,
2022-03-23T12:00:00+00:00,USD,High Impact Expected,Fed Chair Powell Speaks,,,,
2022-03-29T15:00:00+01:00,USD,High Impact Expected,JOLTS Job Openings,11.27M,11.00M,11.28M,
2022-03-30T13:15:00+01:00,USD,High Impact Expected,ADP Non-Farm Employment Change,455K,455K,486K,
2022-03-31T13:30:00+01:00,USD,High Impact Expected,Core PCE Price Index m/m,0.4%,0.4%,0.5%,
2022-04-01T13:30:00+01:00,USD,High Impact Expected,Non-Farm Employment Change,431K,492K,750K,
2022-04-01T13:30:00+01:00,USD,High Impact Expected,Unemployment Rate,3.6%,3.7%,3.8%,
2022-04-01T13:30:00+01:00,USD,High Impact Expected,Average Hourly Earnings m/m,0.4%,0.4%,0.1%,
2022-04-01T15:00:00+01:00,USD,High Impact Expected,ISM Manufacturing PMI,57.1,58.9,58.6,
2022-04-05T15:00:00+01:00,USD,High Impact Expected,ISM Services PMI,58.3,58.6,56.5,
2022-04-06T19:00:00+01:00,USD,High Impact Expected,FOMC Meeting Minutes,,,,
2022-04-12T13:30:00+01:00,USD,High Impact Expected,CPI y/y,8.5%,8.4%,7.9%,
2022-04-12T13:30:00+01:00,USD,High Impact Expected,Core CPI m/m,0.3%,0.5%,0.5%,
2022-04-12T13:30:00+01:00,USD,High Impact Expected,CPI m/m,1.2%,1.2%,0.8%,
2022-04-13T13:30:00+01:00,USD,High Impact Expected,PPI m/m,1.4%,1.1%,0.8%,
2022-04-14T13:30:00+01:00,USD,High Impact Expected,Core Retail Sales m/m,1.1%,1.0%,0.6%,
2022-04-14T13:30:00+01:00,USD,High Impact Expected,Retail Sales m/m,0.5%,0.6%,0.8%,
2022-04-21T18:00:00+01:00,USD,High Impact Expected,Fed Chair Powell Speaks,,,,
2022-04-28T13:30:00+01:00,USD,High Impact Expected,Advance GDP q/q,-1.4%,1.1%,6.9%,
2022-04-29T13:30:00+01:00,USD,High Impact Expected,Core PCE Price Index m/m,0.3%,0.3%,0.3%,
2022-05-02T15:00:00+01:00,USD,High Impact Expected,ISM Manufacturing PMI,55.4,57.5,57.1,
2022-05-03T15:00:00+01:00,USD,High Impact Expected,JOLTS Job Openings,11.55M,11.19M,11.34M,
2022-05-04T13:15:00+01:00,USD,High Impact Expected,ADP Non-Farm Employment Change,247K,382K,479K,
2022-05-04T19:00:00+01:00,USD,High Impact Expected,FOMC Statement,,,,
2022-05-04T19:00:00+01:00,USD,High Impact Expected,Federal Funds Rate,1.00%,1.00%,0.50%,
2022-05-04T19:30:00+01:00,USD,High Impact Expected,FOMC Press Conference,,,,
2022-05-06T13:30:00+01:00,USD,High Impact Expected,Unemployment Rate,3.6%,3.5%,3.6%,
2022-05-06T13:30:00+01:00,USD,High Impact Expected,Average Hourly Earnings m/m,0.3%,0.4%,0.5%,
2022-05-06T13:30:00+01:00,USD,High Impact Expected,Non-Farm Employment Change,428K,390K,428K,
2022-05-11T13:30:00+01:00,USD,High Impact Expected,Core CPI m/m,0.6%,0.4%,0.3%,
2022-05-11T13:30:00+01:00,USD,High Impact Expected,CPI m/m,0.3%,0.2%,1.2%,
2022-05-11T13:30:00+01:00,USD,High Impact Expected,CPI y/y,8.3%,8.1%,8.5%,
2022-05-12T13:30:00+01:00,USD,High Impact Expected,PPI m/m,0.5%,0.5%,1.4%,
2022-05-17T13:30:00+01:00,USD,High Impact Expected,Retail Sales m/m,0.9%,1.0%,1.4%,
2022-05-17T13:30:00+01:00,USD,High Impact Expected,Core Retail Sales m/m,0.6%,0.4%,2.1%,
2022-05-17T19:00:00+01:00,USD,High Impact Expected,Fed Chair Powell Speaks,,,,
2022-05-25T19:00:00+01:00,USD,High Impact Expected,FOMC Meeting Minutes,,,,
2022-05-26T13:30:00+01:00,USD,High Impact Expected,Prelim GDP q/q,-1.5%,-1.3%,-1.4%,
2022-05-27T13:30:00+01:00,USD,High Impact Expected,Core PCE Price Index m/m,0.3%,0.3%,0.3%,
2022-06-01T15:00:00+01:00,USD,High Impact Expected,ISM Manufacturing PMI,56.1,54.4,55.4,
2022-06-01T15:00:00+01:00,USD,High Impact Expected,JOLTS Job Openings,11.40M,11.29M,11.86M,
2022-06-02T13:15:00+01:00,USD,High Impact Expected,ADP Non-Farm Employment Change,128K,295K,202K,
2022-06-03T13:30:00+01:00,USD,High Impact Expected,Non-Farm Employment Change,390K,325K,436K,
2022-06-03T13:30:00+01:00,USD,High Impact Expected,Average Hourly Earnings m/m,0.3%,0.4%,0.3%,
2022-06-03T13:30:00+01:00,USD,High Impact Expected,Unemployment Rate,3.6%,3.5%,3.6%,
2022-06-10T13:30:00+01:00,USD,High Impact Expected,CPI y/y,8.6%,8.3%,8.3%,
2022-06-10T13:30:00+01:00,USD,High Impact Expected,CPI m/m,1.0%,0.7%,0.3%,
2022-06-10T13:30:00+01:00,USD,High Impact Expected,Core CPI m/m,0.6%,0.5%,0.6%,
2022-06-10T14:00:00+01:00,USD,High Impact Expected,Treasury Currency Report,,,,
2022-06-14T13:30:00+01:00,USD,High Impact Expected,PPI m/m,0.8%,0.8%,0.5%,
2022-06-15T13:30:00+01:00,USD,High Impact Expected,Core Retail Sales m/m,0.5%,0.7%,0.4%,
2022-06-15T13:30:00+01:00,USD,High Impact Expected,Retail Sales m/m,-0.3%,0.1%,0.7%,
2022-06-15T19:00:00+01:00,USD,High Impact Expected,FOMC Statement,,,,
2022-06-15T19:00:00+01:00,USD,High Impact Expected,FOMC Economic Projections,,,,
2022-06-15T19:00:00+01:00,USD,High Impact Expected,Federal Funds Rate,1.75%,1.50%,1.00%,
2022-06-15T19:30:00+01:00,USD,High Impact Expected,FOMC Press Conference,,,,
2022-06-17T13:45:00+01:00,USD,High Impact Expected,Fed Chair Powell Speaks,,,,
2022-06-22T14:30:00+01:00,USD,High Impact Expected,Fed Chair Powell Testifies,,,,
2022-06-23T15:00:00+01:00,USD,High Impact Expected,Fed Chair Powell Testifies,,,,
2022-06-28T15:00:00+01:00,USD,High Impact Expected,CB Consumer Confidence,98.7,100.0,103.2,
2022-06-29T14:00:00+01:00,USD,High Impact Expected,Fed Chair Powell Speaks,,,,
2022-06-30T13:30:00+01:00,USD,High Impact Expected,Core PCE Price Index m/m,0.3%,0.4%,0.3%,
2022-07-01T15:00:00+01:00,USD,High Impact Expected,ISM Manufacturing PMI,53.0,54.6,56.1,
2022-07-06T15:00:00+01:00,USD,High Impact Expected,JOLTS Job Openings,11.25M,11.05M,11.68M,
2022-07-06T19:00:00+01:00,USD,High Impact Expected,FOMC Meeting Minutes,,,,
2022-07-08T13:30:00+01:00,USD,High Impact Expected,Average Hourly Earnings m/m,0.3%,0.3%,0.4%,
2022-07-08T13:30:00+01:00,USD,High Impact Expected,Non-Farm Employment Change,372K,260K,384K,
2022-07-08T13:30:00+01:00,USD,High Impact Expected,Unemployment Rate,3.6%,3.6%,3.6%,
2022-07-13T13:30:00+01:00,USD,High Impact Expected,Core CPI m/m,0.7%,0.5%,0.6%,
2022-07-13T13:30:00+01:00,USD,High Impact Expected,CPI m/m,1.3%,1.1%,1.0%,
2022-07-13T13:30:00+01:00,USD,High Impact Expected,CPI y/y,9.1%,8.7%,8.6%,
2022-07-14T13:30:00+01:00,USD,High Impact Expected,PPI m/m,1.1%,0.8%,0.8%,
2022-07-15T13:30:00+01:00,USD,High Impact Expected,Core Retail Sales m/m,1.0%,0.7%,0.6%,
2022-07-15T13:30:00+01:00,USD,High Impact Expected,Retail Sales m/m,1.0%,0.9%,-0.1%,
2022-07-15T15:00:00+01:00,USD,High Impact Expected,Prelim UoM Consumer Sentiment,51.1,49.0,50.0,
2022-07-22T14:45:00+01:00,USD,High Impact Expected,Flash Services PMI,47.0,52.6,52.7,
2022-07-26T15:00:00+01:00,USD,High Impact Expected,CB Consumer Confidence,95.7,97.3,98.4,
2022-07-27T19:00:00+01:00,USD,High Impact Expected,Federal Funds Rate,2.50%,2.50%,1.75%,
2022-07-27T19:00:00+01:00,USD,High Impact Expected,FOMC Statement,,,,
2022-07-27T19:30:00+01:00,USD,High Impact Expected,FOMC Press Conference,,,,
2022-07-28T13:30:00+01:00,USD,High Impact Expected,Advance GDP q/q,-0.9%,0.4%,-1.6%,
2022-07-29T13:30:00+01:00,USD,High Impact Expected,Core PCE Price Index m/m,0.6%,0.5%,0.3%,
2022-08-01T15:00:00+01:00,USD,High Impact Expected,ISM Manufacturing PMI,52.8,52.3,53.0,
2022-08-02T15:00:00+01:00,USD,High Impact Expected,JOLTS Job Openings,10.70M,10.99M,11.30M,
2022-08-03T15:00:00+01:00,USD,High Impact Expected,ISM Services PMI,56.7,53.5,55.3,
2022-08-05T13:30:00+01:00,USD,High Impact Expected,Unemployment Rate,3.5%,3.6%,3.6%,
2022-08-05T13:30:00+01:00,USD,High Impact Expected,Non-Farm Employment Change,528K,250K,398K,
2022-08-05T13:30:00+01:00,USD,High Impact Expected,Average Hourly Earnings m/m,0.5%,0.3%,0.4%,
2022-08-10T13:30:00+01:00,USD,High Impact Expected,Core CPI m/m,0.3%,0.5%,0.7%,
2022-08-10T13:30:00+01:00,USD,High Impact Expected,CPI m/m,0.0%,0.2%,1.3%,
2022-08-10T13:30:00+01:00,USD,High Impact Expected,CPI y/y,8.5%,8.7%,9.1%,
2022-08-11T13:30:00+01:00,USD,High Impact Expected,PPI m/m,-0.5%,0.2%,1.1%,
2022-08-12T15:00:00+01:00,USD,High Impact Expected,Prelim UoM Consumer Sentiment,55.1,52.5,51.5,
2022-08-17T13:30:00+01:00,USD,High Impact Expected,Core Retail Sales m/m,0.4%,-0.1%,0.9%,
2022-08-17T13:30:00+01:00,USD,High Impact Expected,Retail Sales m/m,0.0%,0.1%,0.8%,
2022-08-17T19:00:00+01:00,USD,High Impact Expected,FOMC Meeting Minutes,,,,
2022-08-18T13:30:00+01:00,USD,High Impact Expected,Philly Fed Manufacturing Index,6.2,-4.9,-12.3,
2022-08-23T14:45:00+01:00,USD,High Impact Expected,Flash Services PMI,44.1,49.8,47.3,
2022-08-24T15:00:00+01:00,USD,High Impact Expected,Prelim Benchmark Payrolls Revision,462K,,-166K,
2022-08-25T13:30:00+01:00,USD,High Impact Expected,Prelim GDP q/q,-0.6%,-0.7%,-0.9%,
2022-08-26T13:30:00+01:00,USD,High Impact Expected,Core PCE Price Index m/m,0.1%,0.2%,0.6%,
2022-08-26T15:00:00+01:00,USD,High Impact Expected,Fed Chair Powell Speaks,,,,
2022-08-30T15:00:00+01:00,USD,High Impact Expected,CB Consumer Confidence,103.2,97.6,95.3,
2022-08-30T15:00:00+01:00,USD,High Impact Expected,JOLTS Job Openings,11.24M,10.37M,11.04M,
2022-08-31T13:15:00+01:00,USD,High Impact Expected,ADP Non-Farm Employment Change,132K,300K,128K,
2022-09-01T15:00:00+01:00,USD,High Impact Expected,ISM Manufacturing PMI,52.8,52.1,52.8,
2022-09-02T13:30:00+01:00,USD,High Impact Expected,Unemployment Rate,3.7%,3.5%,3.5%,
2022-09-02T13:30:00+01:00,USD,High Impact Expected,Non-Farm Employment Change,315K,295K,526K,
2022-09-02T13:30:00+01:00,USD,High Impact Expected,Average Hourly Earnings m/m,0.3%,0.4%,0.5%,
2022-09-06T15:00:00+01:00,USD,High Impact Expected,ISM Services PMI,56.9,55.4,56.7,
2022-09-08T14:10:00+01:00,USD,High Impact Expected,Fed Chair Powell Speaks,,,,
2022-09-13T13:30:00+01:00,USD,High Impact Expected,CPI y/y,8.3%,8.1%,8.5%,
2022-09-13T13:30:00+01:00,USD,High Impact Expected,CPI m/m,0.1%,-0.1%,0.0%,
2022-09-13T13:30:00+01:00,USD,High Impact Expected,Core CPI m/m,0.6%,0.3%,0.3%,
2022-09-14T13:30:00+01:00,USD,High Impact Expected,PPI m/m,-0.1%,-0.1%,-0.5%,
2022-09-15T13:30:00+01:00,USD,High Impact Expected,Empire State Manufacturing Index,-1.5,-12.7,-31.3,
2022-09-15T13:30:00+01:00,USD,High Impact Expected,Retail Sales m/m,0.3%,-0.1%,-0.4%,
2022-09-15T13:30:00+01:00,USD,High Impact Expected,Core Retail Sales m/m,-0.3%,0.0%,0.0%,
2022-09-16T15:00:00+01:00,USD,High Impact Expected,Prelim UoM Consumer Sentiment,59.5,60.0,58.2,
2022-09-21T19:00:00+01:00,USD,High Impact Expected,FOMC Statement,,,,
2022-09-21T19:00:00+01:00,USD,High Impact Expected,Federal Funds Rate,3.25%,3.25%,2.50%,
2022-09-21T19:00:00+01:00,USD,High Impact Expected,FOMC Economic Projections,,,,
2022-09-21T19:30:00+01:00,USD,High Impact Expected,FOMC Press Conference,,,,
2022-09-23T14:45:00+01:00,USD,High Impact Expected,Flash Services PMI,49.2,45.5,43.7,
2022-09-23T19:00:00+01:00,USD,High Impact Expected,Fed Chair Powell Speaks,,,,
2022-09-27T12:30:00+01:00,USD,High Impact Expected,Fed Chair Powell Speaks,,,,
2022-09-27T15:00:00+01:00,USD,High Impact Expected,CB Consumer Confidence,108.0,104.0,103.6,
2022-09-30T13:30:00+01:00,USD,High Impact Expected,Core PCE Price Index m/m,0.6%,0.5%,0.0%,
2022-10-03T15:00:00+01:00,USD,High Impact Expected,ISM Manufacturing PMI,50.9,52.5,52.8,
2022-10-03T20:00:00+01:00,USD,High Impact Expected,Fed Chair Powell Speaks,,,,
2022-10-04T15:00:00+01:00,USD,High Impact Expected,JOLTS Job Openings,10.05M,11.07M,11.17M,
2022-10-05T13:15:00+01:00,USD,High Impact Expected,ADP Non-Farm Employment Change,208K,200K,185K,
2022-10-05T15:00:00+01:00,USD,High Impact Expected,ISM Services PMI,56.7,56.0,56.9,
2022-10-07T13:30:00+01:00,USD,High Impact Expected,Non-Farm Employment Change,263K,248K,315K,
2022-10-07T13:30:00+01:00,USD,High Impact Expected,Average Hourly Earnings m/m,0.3%,0.3%,0.3%,
2022-10-07T13:30:00+01:00,USD,High Impact Expected,Unemployment Rate,3.5%,3.7%,3.7%,
2022-10-12T13:30:00+01:00,USD,High Impact Expected,PPI m/m,0.4%,0.2%,-0.2%,
2022-10-12T19:00:00+01:00,USD,High Impact Expected,FOMC Meeting Minutes,,,,
2022-10-13T13:30:00+01:00,USD,High Impact Expected,Core CPI m/m,0.6%,0.4%,0.6%,
2022-10-13T13:30:00+01:00,USD,High Impact Expected,CPI m/m,0.4%,0.2%,0.1%,
2022-10-13T13:30:00+01:00,USD,High Impact Expected,CPI y/y,8.2%,8.1%,8.3%,
2022-10-14T13:30:00+01:00,USD,High Impact Expected,Core Retail Sales m/m,0.1%,-0.1%,-0.1%,
2022-10-14T13:30:00+01:00,USD,High Impact Expected,Retail Sales m/m,0.0%,0.2%,0.4%,
2022-10-14T15:00:00+01:00,USD,High Impact Expected,Prelim UoM Consumer Sentiment,59.8,58.7,58.6,
2022-10-17T13:30:00+01:00,USD,High Impact Expected,Empire State Manufacturing Index,-9.1,-4.3,-1.5,
2022-10-20T13:30:00+01:00,USD,High Impact Expected,Philly Fed Manufacturing Index,-8.7,-5.0,-9.9,
2022-10-24T14:45:00+01:00,USD,High Impact Expected,Flash Services PMI,46.6,49.6,49.3,
2022-10-25T15:00:00+01:00,USD,High Impact Expected,CB Consumer Confidence,102.5,105.9,107.8,
2022-10-27T13:30:00+01:00,USD,High Impact Expected,Advance GDP q/q,2.6%,2.3%,-0.6%,
2022-10-28T13:30:00+01:00,USD,High Impact Expected,Core PCE Price Index m/m,0.5%,0.5%,0.5%,
2022-11-01T14:00:00+00:00,USD,High Impact Expected,ISM Manufacturing PMI,50.2,50.0,50.9,
2022-11-01T14:00:00+00:00,USD,High Impact Expected,JOLTS Job Openings,10.72M,9.75M,10.28M,
2022-11-02T12:15:00+00:00,USD,High Impact Expected,ADP Non-Farm Employment Change,239K,178K,192K,
2022-11-02T18:00:00+00:00,USD,High Impact Expected,Federal Funds Rate,4.00%,4.00%,3.25%,
2022-11-02T18:00:00+00:00,USD,High Impact Expected,FOMC Statement,,,,
2022-11-02T18:30:00+00:00,USD,High Impact Expected,FOMC Press Conference,,,,
2022-11-03T14:00:00+00:00,USD,High Impact Expected,ISM Services PMI,54.4,55.5,56.7,
2022-11-04T12:30:00+00:00,USD,High Impact Expected,Average Hourly Earnings m/m,0.4%,0.3%,0.3%,
2022-11-04T12:30:00+00:00,USD,High Impact Expected,Non-Farm Employment Change,261K,197K,315K,
2022-11-04T12:30:00+00:00,USD,High Impact Expected,Unemployment Rate,3.7%,3.6%,3.5%,
2022-11-08T23:59:59+00:00,USD,High Impact Expected,Congressional Elections,,,,
2022-11-10T13:30:00+00:00,USD,High Impact Expected,Core CPI m/m,0.3%,0.5%,0.6%,
2022-11-10T13:30:00+00:00,USD,High Impact Expected,CPI m/m,0.4%,0.6%,0.4%,
2022-11-10T13:30:00+00:00,USD,High Impact Expected,CPI y/y,7.7%,7.9%,8.2%,
2022-11-10T14:00:00+00:00,USD,High Impact Expected,Treasury Currency Report,,,,
2022-11-11T15:00:00+00:00,USD,High Impact Expected,Prelim UoM Consumer Sentiment,54.7,59.5,59.9,
2022-11-15T13:30:00+00:00,USD,High Impact Expected,Empire State Manufacturing Index,4.5,-6.1,-9.1,
2022-11-15T13:30:00+00:00,USD,High Impact Expected,PPI m/m,0.2%,0.4%,0.2%,
2022-11-16T13:30:00+00:00,USD,High Impact Expected,Retail Sales m/m,1.3%,1.0%,0.0%,
2022-11-16T13:30:00+00:00,USD,High Impact Expected,Core Retail Sales m/m,1.3%,0.5%,0.1%,
2022-11-17T13:30:00+00:00,USD,High Impact Expected,Philly Fed Manufacturing Index,-19.4,-6.0,-8.7,
2022-11-23T14:45:00+00:00,USD,High Impact Expected,Flash Services PMI,46.1,48.0,47.8,
2022-11-23T19:00:00+00:00,USD,High Impact Expected,FOMC Meeting Minutes,,,,
2022-11-29T15:00:00+00:00,USD,High Impact Expected,CB Consumer Confidence,100.2,100.0,102.2,
2022-11-30T13:15:00+00:00,USD,High Impact Expected,ADP Non-Farm Employment Change,127K,196K,239K,
2022-11-30T13:30:00+00:00,USD,High Impact Expected,Prelim GDP q/q,2.9%,2.8%,2.6%,
2022-11-30T15:00:00+00:00,USD,High Impact Expected,JOLTS Job Openings,10.33M,10.24M,10.69M,
2022-11-30T18:30:00+00:00,USD,High Impact Expected,Fed Chair Powell Speaks,,,,
2022-12-01T13:30:00+00:00,USD,High Impact Expected,Core PCE Price Index m/m,0.2%,0.3%,0.5%,
2022-12-01T15:00:00+00:00,USD,High Impact Expected,ISM Manufacturing PMI,49.0,49.7,50.2,
2022-12-02T13:30:00+00:00,USD,High Impact Expected,Unemployment Rate,3.7%,3.7%,3.7%,
2022-12-02T13:30:00+00:00,USD,High Impact Expected,Average Hourly Earnings m/m,0.6%,0.3%,0.5%,
2022-12-02T13:30:00+00:00,USD,High Impact Expected,Non-Farm Employment Change,263K,200K,284K,
2022-12-05T15:00:00+00:00,USD,High Impact Expected,ISM Services PMI,56.5,53.5,54.4,
2022-12-09T13:30:00+00:00,USD,High Impact Expected,Core PPI m/m,0.4%,0.2%,0.1%,
2022-12-09T13:30:00+00:00,USD,High Impact Expected,PPI m/m,0.3%,0.2%,0.3%,
2022-12-09T15:00:00+00:00,USD,High Impact Expected,Prelim UoM Consumer Sentiment,59.1,56.9,56.8,
2022-12-13T13:30:00+00:00,USD,High Impact Expected,CPI m/m,0.1%,0.3%,0.4%,
2022-12-13T13:30:00+00:00,USD,High Impact Expected,CPI y/y,7.1%,7.3%,7.7%,
2022-12-13T13:30:00+00:00,USD,High Impact Expected,Core CPI m/m,0.2%,0.3%,0.3%,
2022-12-14T19:00:00+00:00,USD,High Impact Expected,Federal Funds Rate,4.50%,4.50%,4.00%,
2022-12-14T19:00:00+00:00,USD,High Impact Expected,FOMC Economic Projections,,,,
2022-12-14T19:00:00+00:00,USD,High Impact Expected,FOMC Statement,,,,
2022-12-14T19:30:00+00:00,USD,High Impact Expected,FOMC Press Conference,,,,
2022-12-15T13:30:00+00:00,USD,High Impact Expected,Retail Sales m/m,-0.6%,-0.2%,1.3%,
2022-12-15T13:30:00+00:00,USD,High Impact Expected,Empire State Manufacturing Index,-11.2,-1.1,4.5,
2022-12-15T13:30:00+00:00,USD,High Impact Expected,Core Retail Sales m/m,-0.2%,0.2%,1.2%,
2022-12-16T14:45:00+00:00,USD,High Impact Expected,Flash Services PMI,44.4,46.5,46.2,
2022-12-21T15:00:00+00:00,USD,High Impact Expected,CB Consumer Confidence,108.3,101.0,101.4,
2022-12-23T13:30:00+00:00,USD,High Impact Expected,Core PCE Price Index m/m,0.2%,0.2%,0.3%,
2023-01-04T15:00:00+00:00,USD,High Impact Expected,JOLTS Job Openings,10.46M,10.04M,10.51M,
2023-01-04T15:00:00+00:00,USD,High Impact Expected,ISM Manufacturing PMI,48.4,48.5,49.0,
2023-01-04T19:00:00+00:00,USD,High Impact Expected,FOMC Meeting Minutes,,,,
2023-01-05T13:15:00+00:00,USD,High Impact Expected,ADP Non-Farm Employment Change,235K,152K,182K,
2023-01-06T13:30:00+00:00,USD,High Impact Expected,Average Hourly Earnings m/m,0.3%,0.4%,0.4%,
2023-01-06T13:30:00+00:00,USD,High Impact Expected,Non-Farm Employment Change,223K,200K,256K,
2023-01-06T13:30:00+00:00,USD,High Impact Expected,Unemployment Rate,3.5%,3.7%,3.7%,
2023-01-06T15:00:00+00:00,USD,High Impact Expected,ISM Services PMI,49.6,55.0,56.5,
2023-01-10T14:00:00+00:00,USD,High Impact Expected,Fed Chair Powell Speaks,,,,
2023-01-12T13:30:00+00:00,USD,High Impact Expected,Core CPI m/m,0.3%,0.3%,0.2%,
2023-01-12T13:30:00+00:00,USD,High Impact Expected,CPI m/m,-0.1%,-0.1%,0.1%,
2023-01-12T13:30:00+00:00,USD,High Impact Expected,CPI y/y,6.5%,6.5%,7.1%,
2023-01-13T15:00:00+00:00,USD,High Impact Expected,Prelim UoM Consumer Sentiment,64.6,60.8,59.7,
2023-01-17T13:30:00+00:00,USD,High Impact Expected,Empire State Manufacturing Index,-32.9,-8.7,-11.2,
2023-01-18T13:30:00+00:00,USD,High Impact Expected,Core PPI m/m,0.1%,0.1%,0.2%,
2023-01-18T13:30:00+00:00,USD,High Impact Expected,Core Retail Sales m/m,-1.1%,-0.5%,-0.6%,
2023-01-18T13:30:00+00:00,USD,High Impact Expected,PPI m/m,-0.5%,-0.1%,0.2%,
2023-01-18T13:30:00+00:00,USD,High Impact Expected,Retail Sales m/m,-1.1%,-0.8%,-1.0%,
2023-01-24T14:45:00+00:00,USD,High Impact Expected,Flash Services PMI,46.6,45.3,44.7,
2023-01-26T13:30:00+00:00,USD,High Impact Expected,Advance GDP q/q,2.9%,2.6%,3.2%,
2023-01-27T13:30:00+00:00,USD,High Impact Expected,Core PCE Price Index m/m,0.3%,0.3%,0.2%,
2023-01-31T15:00:00+00:00,USD,High Impact Expected,CB Consumer Confidence,107.1,109.1,109.0,
2023-02-01T13:15:00+00:00,USD,High Impact Expected,ADP Non-Farm Employment Change,106K,176K,253K,
2023-02-01T15:00:00+00:00,USD,High Impact Expected,ISM Manufacturing PMI,47.4,48.0,48.4,
2023-02-01T15:00:00+00:00,USD,High Impact Expected,JOLTS Job Openings,11.01M,10.28M,10.44M,
2023-02-01T19:00:00+00:00,USD,High Impact Expected,Federal Funds Rate,4.75%,4.75%,4.50%,
2023-02-01T19:00:00+00:00,USD,High Impact Expected,FOMC Statement,,,,
2023-02-01T19:30:00+00:00,USD,High Impact Expected,FOMC Press Conference,,,,
2023-02-03T13:30:00+00:00,USD,High Impact Expected,Unemployment Rate,3.4%,3.6%,3.5%,
2023-02-03T13:30:00+00:00,USD,High Impact Expected,Average Hourly Earnings m/m,0.3%,0.3%,0.4%,
2023-02-03T13:30:00+00:00,USD,High Impact Expected,Non-Farm Employment Change,517K,193K,260K,
2023-02-03T15:00:00+00:00,USD,High Impact Expected,ISM Services PMI,55.2,50.5,49.6,
2023-02-07T17:40:00+00:00,USD,High Impact Expected,Fed Chair Powell Speaks,,,,
2023-02-08T14:15:00+00:00,USD,High Impact Expected,FOMC Member Williams Speaks,,,,
2023-02-10T15:00:00+00:00,USD,High Impact Expected,Prelim UoM Consumer Sentiment,66.4,65.0,64.9,
2023-02-14T13:30:00+00:00,USD,High Impact Expected,CPI y/y,6.4%,6.2%,6.5%,
2023-02-14T13:30:00+00:00,USD,High Impact Expected,CPI m/m,0.5%,0.5%,-0.1%,
2023-02-14T13:30:00+00:00,USD,High Impact Expected,Core CPI m/m,0.4%,0.4%,0.3%,
2023-02-15T13:30:00+00:00,USD,High Impact Expected,Core Retail Sales m/m,2.3%,0.9%,-0.9%,
2023-02-15T13:30:00+00:00,USD,High Impact Expected,Empire State Manufacturing Index,-5.8,-18.2,-32.9,
2023-02-15T13:30:00+00:00,USD,High Impact Expected,Retail Sales m/m,3.0%,1.9%,-1.1%,
2023-02-16T13:30:00+00:00,USD,High Impact Expected,Core PPI m/m,0.5%,0.3%,0.3%,
2023-02-16T13:30:00+00:00,USD,High Impact Expected,PPI m/m,0.7%,0.4%,-0.2%,
2023-02-21T14:45:00+00:00,USD,High Impact Expected,Flash Services PMI,50.5,47.3,46.8,
2023-02-22T19:00:00+00:00,USD,High Impact Expected,FOMC Meeting Minutes,,,,
2023-02-23T13:30:00+00:00,USD,High Impact Expected,Prelim GDP q/q,2.7%,2.9%,2.9%,
2023-02-24T13:30:00+00:00,USD,High Impact Expected,Core PCE Price Index m/m,0.6%,0.4%,0.4%,
2023-02-28T15:00:00+00:00,USD,High Impact Expected,CB Consumer Confidence,102.9,108.5,106.0,
2023-03-01T15:00:00+00:00,USD,High Impact Expected,ISM Manufacturing PMI,47.7,47.9,47.4,
2023-03-03T15:00:00+00:00,USD,High Impact Expected,ISM Services PMI,55.1,54.5,55.2,
2023-03-07T15:00:00+00:00,USD,High Impact Expected,Fed Chair Powell Testifies,,,,
2023-03-08T13:15:00+00:00,USD,High Impact Expected,ADP Non-Farm Employment Change,242K,197K,119K,
2023-03-08T15:00:00+00:00,USD,High Impact Expected,Fed Chair Powell Testifies,,,,
2023-03-08T15:00:00+00:00,USD,High Impact Expected,JOLTS Job Openings,10.82M,10.58M,11.23M,
2023-03-10T13:30:00+00:00,USD,High Impact Expected,Average Hourly Earnings m/m,0.2%,0.3%,0.3%,
2023-03-10T13:30:00+00:00,USD,High Impact Expected,Non-Farm Employment Change,311K,224K,504K,
2023-03-10T13:30:00+00:00,USD,High Impact Expected,Unemployment Rate,3.6%,3.4%,3.4%,
2023-03-12T22:20:00+00:00,USD,High Impact Expected,Fed Announcement,,,,
2023-03-14T12:30:00+00:00,USD,High Impact Expected,CPI y/y,6.0%,6.0%,6.4%,
2023-03-14T12:30:00+00:00,USD,High Impact Expected,Core CPI m/m,0.5%,0.4%,0.4%,
2023-03-14T12:30:00+00:00,USD,High Impact Expected,CPI m/m,0.4%,0.4%,0.5%,
2023-03-15T12:30:00+00:00,USD,High Impact Expected,PPI m/m,-0.1%,0.3%,0.3%,
2023-03-15T12:30:00+00:00,USD,High Impact Expected,Core PPI m/m,0.0%,0.4%,0.1%,
2023-03-15T12:30:00+00:00,USD,High Impact Expected,Core Retail Sales m/m,-0.1%,-0.1%,2.4%,
2023-03-15T12:30:00+00:00,USD,High Impact Expected,Empire State Manufacturing Index,-24.6,-7.9,-5.8,
2023-03-15T12:30:00+00:00,USD,High Impact Expected,Retail Sales m/m,-0.4%,-0.3%,3.2%,
2023-03-16T12:30:00+00:00,USD,High Impact Expected,Unemployment Claims,192K,205K,212K,
2023-03-17T14:00:00+00:00,USD,High Impact Expected,Prelim UoM Consumer Sentiment,63.4,66.9,67.0,
2023-03-19T21:00:00+00:00,USD,High Impact Expected,Fed Announcement,,,,
2023-03-22T18:00:00+00:00,USD,High Impact Expected,Federal Funds Rate,5.00%,5.00%,4.75%,
2023-03-22T18:00:00+00:00,USD,High Impact Expected,FOMC Economic Projections,,,,
2023-03-22T18:00:00+00:00,USD,High Impact Expected,FOMC Statement,,,,
2023-03-22T18:30:00+00:00,USD,High Impact Expected,FOMC Press Conference,,,,
2023-03-23T12:30:00+00:00,USD,High Impact Expected,Unemployment Claims,191K,198K,192K,
2023-03-24T13:45:00+00:00,USD,High Impact Expected,Flash Manufacturing PMI,49.3,47.0,47.3,
2023-03-24T13:45:00+00:00,USD,High Impact Expected,Flash Services PMI,53.8,50.3,50.6,
2023-03-28T15:00:00+01:00,USD,High Impact Expected,CB Consumer Confidence,104.2,101.0,103.4,
2023-03-30T13:30:00+01:00,USD,High Impact Expected,Unemployment Claims,198K,196K,191K,
2023-03-30T13:30:00+01:00,USD,High Impact Expected,Final GDP q/q,2.6%,2.7%,2.7%,
2023-03-31T13:30:00+01:00,USD,High Impact Expected,Core PCE Price Index m/m,0.3%,0.4%,0.5%,
2023-04-03T15:00:00+01:00,USD,High Impact Expected,ISM Manufacturing PMI,46.3,47.5,47.7,
2023-04-04T15:00:00+01:00,USD,High Impact Expected,JOLTS Job Openings,9.93M,10.49M,10.56M,
2023-04-05T13:15:00+01:00,USD,High Impact Expected,ADP Non-Farm Employment Change,145K,208K,261K,
2023-04-05T15:00:00+01:00,USD,High Impact Expected,ISM Services PMI,51.2,54.3,55.1,
2023-04-06T13:30:00+01:00,USD,High Impact Expected,Unemployment Claims,228K,200K,246K,
2023-04-07T13:30:00+01:00,USD,High Impact Expected,Unemployment Rate,3.5%,3.6%,3.6%,
2023-04-07T13:30:00+01:00,USD,High Impact Expected,Average Hourly Earnings m/m,0.3%,0.3%,0.2%,
2023-04-07T13:30:00+01:00,USD,High Impact Expected,Non-Farm Employment Change,236K,228K,326K,
2023-04-12T13:30:00+01:00,USD,High Impact Expected,Core CPI m/m,0.4%,0.4%,0.5%,
2023-04-12T13:30:00+01:00,USD,High Impact Expected,CPI m/m,0.1%,0.2%,0.4%,
2023-04-12T13:30:00+01:00,USD,High Impact Expected,CPI y/y,5.0%,5.1%,6.0%,
2023-04-12T19:00:00+01:00,USD,High Impact Expected,FOMC Meeting Minutes,,,,
2023-04-13T13:30:00+01:00,USD,High Impact Expected,PPI m/m,-0.5%,0.0%,0.0%,
2023-04-13T13:30:00+01:00,USD,High Impact Expected,Core PPI m/m,-0.1%,0.2%,0.2%,
2023-04-13T13:30:00+01:00,USD,High Impact Expected,Unemployment Claims,239K,233K,228K,
2023-04-14T13:30:00+01:00,USD,High Impact Expected,Core Retail Sales m/m,-0.8%,-0.4%,0.0%,
2023-04-14T13:30:00+01:00,USD,High Impact Expected,Retail Sales m/m,-1.0%,-0.4%,-0.2%,
2023-04-14T15:00:00+01:00,USD,High Impact Expected,Prelim UoM Consumer Sentiment,63.5,62.0,62.0,
2023-04-17T13:30:00+01:00,USD,High Impact Expected,Empire State Manufacturing Index,10.8,-17.7,-24.6,
2023-04-20T13:30:00+01:00,USD,High Impact Expected,Unemployment Claims,245K,240K,240K,
2023-04-21T14:45:00+01:00,USD,High Impact Expected,Flash Manufacturing PMI,50.4,49.0,49.2,
2023-04-21T14:45:00+01:00,USD,High Impact Expected,Flash Services PMI,53.7,51.5,52.6,
2023-04-25T15:00:00+01:00,USD,High Impact Expected,CB Consumer Confidence,101.3,104.1,104.0,
2023-04-27T13:30:00+01:00,USD,High Impact Expected,Advance GDP q/q,1.1%,2.0%,2.6%,
2023-04-27T13:30:00+01:00,USD,High Impact Expected,Unemployment Claims,230K,247K,246K,
2023-04-28T13:30:00+01:00,USD,High Impact Expected,Core PCE Price Index m/m,0.3%,0.3%,0.3%,
2023-04-28T13:30:00+01:00,USD,High Impact Expected,Employment Cost Index q/q,1.2%,1.1%,1.0%,
2023-05-01T15:00:00+01:00,USD,High Impact Expected,ISM Manufacturing PMI,47.1,46.8,46.3,
2023-05-02T15:00:00+01:00,USD,High Impact Expected,JOLTS Job Openings,9.59M,9.74M,9.97M,
2023-05-03T13:15:00+01:00,USD,High Impact Expected,ADP Non-Farm Employment Change,296K,148K,142K,
2023-05-03T15:00:00+01:00,USD,High Impact Expected,ISM Services PMI,51.9,51.8,51.2,
2023-05-03T19:00:00+01:00,USD,High Impact Expected,Federal Funds Rate,5.25%,5.25%,5.00%,
2023-05-03T19:00:00+01:00,USD,High Impact Expected,FOMC Statement,,,,
2023-05-03T19:30:00+01:00,USD,High Impact Expected,FOMC Press Conference,,,,
2023-05-04T13:30:00+01:00,USD,High Impact Expected,Unemployment Claims,242K,239K,229K,
2023-05-05T13:30:00+01:00,USD,High Impact Expected,Average Hourly Earnings m/m,0.5%,0.3%,0.3%,
2023-05-05T13:30:00+01:00,USD,High Impact Expected,Non-Farm Employment Change,253K,181K,165K,
2023-05-05T13:30:00+01:00,USD,High Impact Expected,Unemployment Rate,3.4%,3.6%,3.5%,
2023-05-10T13:30:00+01:00,USD,High Impact Expected,Core CPI m/m,0.4%,0.3%,0.4%,
2023-05-10T13:30:00+01:00,USD,High Impact Expected,CPI m/m,0.4%,0.4%,0.1%,
2023-05-10T13:30:00+01:00,USD,High Impact Expected,CPI y/y,4.9%,5.0%,5.0%,
2023-05-11T13:30:00+01:00,USD,High Impact Expected,Unemployment Claims,264K,245K,242K,
2023-05-11T13:30:00+01:00,USD,High Impact Expected,Core PPI m/m,0.2%,0.2%,0.0%,
2023-05-11T13:30:00+01:00,USD,High Impact Expected,PPI m/m,0.2%,0.3%,-0.4%,
2023-05-12T15:00:00+01:00,USD,High Impact Expected,Prelim UoM Consumer Sentiment,57.7,63.0,63.5,
2023-05-15T13:30:00+01:00,USD,High Impact Expected,Empire State Manufacturing Index,-31.8,-3.7,10.8,
2023-05-16T13:30:00+01:00,USD,High Impact Expected,Core Retail Sales m/m,0.4%,0.5%,-0.5%,
2023-05-16T13:30:00+01:00,USD,High Impact Expected,Retail Sales m/m,0.4%,0.8%,-0.7%,
2023-05-18T13:30:00+01:00,USD,High Impact Expected,Unemployment Claims,242K,253K,264K,
2023-05-19T16:00:00+01:00,USD,High Impact Expected,Fed Chair Powell Speaks,,,,
2023-05-23T14:45:00+01:00,USD,High Impact Expected,Flash Manufacturing PMI,48.5,50.0,50.2,
2023-05-23T14:45:00+01:00,USD,High Impact Expected,Flash Services PMI,55.1,52.6,53.6,
2023-05-24T19:00:00+01:00,USD,High Impact Expected,FOMC Meeting Minutes,,,,
2023-05-25T13:30:00+01:00,USD,High Impact Expected,Prelim GDP q/q,1.3%,1.1%,1.1%,
2023-05-25T13:30:00+01:00,USD,High Impact Expected,Unemployment Claims,229K,249K,225K,
2023-05-26T13:30:00+01:00,USD,High Impact Expected,Core PCE Price Index m/m,0.4%,0.3%,0.3%,
2023-05-30T15:00:00+01:00,USD,High Impact Expected,CB Consumer Confidence,102.3,99.1,103.7,
2023-05-31T15:00:00+01:00,USD,High Impact Expected,JOLTS Job Openings,10.10M,9.41M,9.75M,
2023-06-01T13:15:00+01:00,USD,High Impact Expected,ADP Non-Farm Employment Change,278K,173K,291K,
2023-06-01T13:30:00+01:00,USD,High Impact Expected,Unemployment Claims,232K,236K,230K,
2023-06-01T15:00:00+01:00,USD,High Impact Expected,ISM Manufacturing PMI,46.9,47.0,47.1,
2023-06-02T13:30:00+01:00,USD,High Impact Expected,Unemployment Rate,3.7%,3.5%,3.4%,
2023-06-02T13:30:00+01:00,USD,High Impact Expected,Non-Farm Employment Change,339K,193K,294K,
2023-06-02T13:30:00+01:00,USD,High Impact Expected,Average Hourly Earnings m/m,0.3%,0.3%,0.4%,
2023-06-05T15:00:00+01:00,USD,High Impact Expected,ISM Services PMI,50.3,52.6,51.9,
2023-06-08T13:30:00+01:00,USD,High Impact Expected,Unemployment Claims,261K,236K,233K,
2023-06-13T13:30:00+01:00,USD,High Impact Expected,Core CPI m/m,0.4%,0.4%,0.4%,
2023-06-13T13:30:00+01:00,USD,High Impact Expected,CPI m/m,0.1%,0.2%,0.4%,
2023-06-13T13:30:00+01:00,USD,High Impact Expected,CPI y/y,4.0%,4.1%,4.9%,
2023-06-14T13:30:00+01:00,USD,High Impact Expected,Core PPI m/m,0.2%,0.2%,0.2%,
2023-06-14T13:30:00+01:00,USD,High Impact Expected,PPI m/m,-0.3%,-0.1%,0.2%,
2023-06-14T19:00:00+01:00,USD,High Impact Expected,Federal Funds Rate,5.25%,5.25%,5.25%,
2023-06-14T19:00:00+01:00,USD,High Impact Expected,FOMC Economic Projections,,,,
2023-06-14T19:00:00+01:00,USD,High Impact Expected,FOMC Statement,,,,
2023-06-14T19:30:00+01:00,USD,High Impact Expected,FOMC Press Conference,,,,
2023-06-15T13:30:00+01:00,USD,High Impact Expected,Core Retail Sales m/m,0.1%,0.1%,0.4%,
2023-06-15T13:30:00+01:00,USD,High Impact Expected,Empire State Manufacturing Index,6.6,-15.0,-31.8,
2023-06-15T13:30:00+01:00,USD,High Impact Expected,Retail Sales m/m,0.3%,-0.2%,0.4%,
2023-06-15T13:30:00+01:00,USD,High Impact Expected,Unemployment Claims,262K,246K,262K,
2023-06-16T15:00:00+01:00,USD,High Impact Expected,Prelim UoM Consumer Sentiment,63.9,60.1,59.2,
2023-06-16T19:00:00+01:00,USD,High Impact Expected,Treasury Currency Report,,,,
2023-06-21T15:00:00+01:00,USD,High Impact Expected,Fed Chair Powell Testifies,,,,
2023-06-22T13:30:00+01:00,USD,High Impact Expected,Unemployment Claims,264K,261K,264K,
2023-06-22T15:00:00+01:00,USD,High Impact Expected,Fed Chair Powell Testifies,,,,
2023-06-23T14:45:00+01:00,USD,High Impact Expected,Flash Manufacturing PMI,46.3,48.6,48.4,
2023-06-23T14:45:00+01:00,USD,High Impact Expected,Flash Services PMI,54.1,53.9,54.9,
2023-06-27T15:00:00+01:00,USD,High Impact Expected,CB Consumer Confidence,109.7,103.9,102.5,
2023-06-28T14:30:00+01:00,USD,High Impact Expected,Fed Chair Powell Speaks,,,,
2023-06-29T07:30:00+01:00,USD,High Impact Expected,Fed Chair Powell Speaks,,,,
2023-06-29T13:30:00+01:00,USD,High Impact Expected,Final GDP q/q,2.0%,1.4%,1.3%,
2023-06-29T13:32:00+01:00,USD,High Impact Expected,Unemployment Claims,239K,264K,265K,
2023-06-30T13:30:00+01:00,USD,High Impact Expected,Core PCE Price Index m/m,0.3%,0.3%,0.4%,
2023-07-03T15:00:00+01:00,USD,High Impact Expected,ISM Manufacturing PMI,46.0,47.2,46.9,
2023-07-05T19:00:00+01:00,USD,High Impact Expected,FOMC Meeting Minutes,,,,
2023-07-06T13:15:00+01:00,USD,High Impact Expected,ADP Non-Farm Employment Change,497K,226K,267K,
2023-07-06T13:30:00+01:00,USD,High Impact Expected,Unemployment Claims,248K,247K,236K,
2023-07-06T15:00:00+01:00,USD,High Impact Expected,JOLTS Job Openings,9.82M,9.93M,10.32M,
2023-07-06T15:00:00+01:00,USD,High Impact Expected,ISM Services PMI,53.9,51.3,50.3,
2023-07-07T13:30:00+01:00,USD,High Impact Expected,Average Hourly Earnings m/m,0.4%,0.3%,0.4%,
2023-07-07T13:30:00+01:00,USD,High Impact Expected,Non-Farm Employment Change,209K,224K,306K,
2023-07-07T13:30:00+01:00,USD,High Impact Expected,Unemployment Rate,3.6%,3.6%,3.7%,
2023-07-12T13:30:00+01:00,USD,High Impact Expected,CPI m/m,0.2%,0.3%,0.1%,
2023-07-12T13:30:00+01:00,USD,High Impact Expected,CPI y/y,3.0%,3.1%,4.0%,
2023-07-12T13:30:00+01:00,USD,High Impact Expected,Core CPI m/m,0.2%,0.3%,0.4%,
2023-07-13T13:30:00+01:00,USD,High Impact Expected,Core PPI m/m,0.1%,0.2%,0.1%,
2023-07-13T13:30:00+01:00,USD,High Impact Expected,PPI m/m,0.1%,0.2%,-0.4%,
2023-07-13T13:30:00+01:00,USD,High Impact Expected,Unemployment Claims,237K,251K,249K,
2023-07-14T15:00:00+01:00,USD,High Impact Expected,Prelim UoM Consumer Sentiment,72.6,65.5,64.4,
2023-07-17T13:30:00+01:00,USD,High Impact Expected,Empire State Manufacturing Index,1.1,-3.5,6.6,
2023-07-18T13:30:00+01:00,USD,High Impact Expected,Core Retail Sales m/m,0.2%,0.4%,0.3%,
2023-07-18T13:30:00+01:00,USD,High Impact Expected,Retail Sales m/m,0.2%,0.5%,0.5%,
2023-07-19T13:30:00+01:00,USD,High Impact Expected,Housing Starts,1.43M,1.48M,1.56M,
2023-07-20T13:30:00+01:00,USD,High Impact Expected,Unemployment Claims,228K,239K,237K,
2023-07-24T14:45:00+01:00,USD,High Impact Expected,Flash Manufacturing PMI,49.0,46.1,46.3,
2023-07-24T14:45:00+01:00,USD,High Impact Expected,Flash Services PMI,52.4,54.0,54.4,
2023-07-25T15:00:00+01:00,USD,High Impact Expected,CB Consumer Confidence,117.0,112.1,110.1,
2023-07-26T19:00:00+01:00,USD,High Impact Expected,Federal Funds Rate,5.50%,5.50%,5.25%,
2023-07-26T19:00:00+01:00,USD,High Impact Expected,FOMC Statement,,,,
2023-07-26T19:30:00+01:00,USD,High Impact Expected,FOMC Press Conference,,,,
2023-07-27T13:30:00+01:00,USD,High Impact Expected,Advance GDP q/q,2.4%,1.8%,2.0%,
2023-07-27T13:30:00+01:00,USD,High Impact Expected,Unemployment Claims,221K,234K,228K,
2023-07-28T13:30:00+01:00,USD,High Impact Expected,Core PCE Price Index m/m,0.2%,0.2%,0.3%,
2023-07-28T13:30:00+01:00,USD,High Impact Expected,Employment Cost Index q/q,1.0%,1.1%,1.2%,
2023-07-28T15:00:00+01:00,USD,High Impact Expected,Revised UoM Consumer Sentiment,71.6,72.6,72.6,
2023-08-01T15:00:00+01:00,USD,High Impact Expected,ISM Manufacturing PMI,46.4,46.9,46.0,
2023-08-01T15:00:00+01:00,USD,High Impact Expected,JOLTS Job Openings,9.58M,9.61M,9.62M,
2023-08-02T13:15:00+01:00,USD,High Impact Expected,ADP Non-Farm Employment Change,324K,191K,455K,
2023-08-03T13:30:00+01:00,USD,High Impact Expected,Unemployment Claims,227K,226K,221K,
2023-08-03T15:00:00+01:00,USD,High Impact Expected,ISM Services PMI,52.7,53.1,53.9,
2023-08-04T13:30:00+01:00,USD,High Impact Expected,Unemployment Rate,3.5%,3.6%,3.6%,
2023-08-04T13:30:00+01:00,USD,High Impact Expected,Average Hourly Earnings m/m,0.4%,0.3%,0.4%,
2023-08-04T13:30:00+01:00,USD,High Impact Expected,Non-Farm Employment Change,187K,205K,185K,
2023-08-10T13:30:00+01:00,USD,High Impact Expected,Core CPI m/m,0.2%,0.2%,0.2%,
2023-08-10T13:30:00+01:00,USD,High Impact Expected,CPI m/m,0.2%,0.2%,0.2%,
2023-08-10T13:30:00+01:00,USD,High Impact Expected,CPI y/y,3.2%,3.3%,3.0%,
2023-08-10T13:30:00+01:00,USD,High Impact Expected,Unemployment Claims,248K,231K,227K,
2023-08-11T13:30:00+01:00,USD,High Impact Expected,Core PPI m/m,0.3%,0.2%,-0.1%,
2023-08-11T13:30:00+01:00,USD,High Impact Expected,PPI m/m,0.3%,0.2%,0.0%,
2023-08-11T15:00:00+01:00,USD,High Impact Expected,Prelim UoM Consumer Sentiment,71.2,71.4,71.6,
2023-08-15T13:30:00+01:00,USD,High Impact Expected,Retail Sales m/m,0.7%,0.4%,0.3%,
2023-08-15T13:30:00+01:00,USD,High Impact Expected,Empire State Manufacturing Index,-19.0,-0.9,1.1,
2023-08-15T13:30:00+01:00,USD,High Impact Expected,Core Retail Sales m/m,1.0%,0.4%,0.2%,
2023-08-16T19:00:00+01:00,USD,High Impact Expected,FOMC Meeting Minutes,,,,
2023-08-17T13:30:00+01:00,USD,High Impact Expected,Unemployment Claims,239K,240K,250K,
2023-08-23T14:45:00+01:00,USD,High Impact Expected,Flash Manufacturing PMI,47.0,48.9,49.0,
2023-08-23T14:45:00+01:00,USD,High Impact Expected,Flash Services PMI,51.0,52.1,52.3,
2023-08-23T15:00:00+01:00,USD,High Impact Expected,Prelim Benchmark Payrolls Revision,-306K,,462K,
2023-08-24T13:30:00+01:00,USD,High Impact Expected,Unemployment Claims,230K,239K,240K,
2023-08-25T15:00:00+01:00,USD,High Impact Expected,Revised UoM Consumer Sentiment,69.5,71.2,71.2,
2023-08-25T15:05:00+01:00,USD,High Impact Expected,Fed Chair Powell Speaks,,,,
2023-08-29T14:00:00+01:00,USD,High Impact Expected,S&P/CS Composite-20 HPI y/y,-1.2%,-1.5%,-1.7%,
2023-08-29T15:00:00+01:00,USD,High Impact Expected,CB Consumer Confidence,106.1,116.0,114.0,
2023-08-29T15:00:00+01:00,USD,High Impact Expected,JOLTS Job Openings,8.83M,9.49M,9.17M,
2023-08-30T13:15:00+01:00,USD,High Impact Expected,ADP Non-Farm Employment Change,177K,194K,371K,
2023-08-30T13:30:00+01:00,USD,High Impact Expected,Prelim GDP q/q,2.1%,2.4%,2.4%,
2023-08-31T13:30:00+01:00,USD,High Impact Expected,Core PCE Price Index m/m,0.2%,0.2%,0.2%,
2023-08-31T13:30:00+01:00,USD,High Impact Expected,Unemployment Claims,228K,236K,232K,
2023-09-01T13:30:00+01:00,USD,High Impact Expected,Average Hourly Earnings m/m,0.2%,0.3%,0.4%,
2023-09-01T13:30:00+01:00,USD,High Impact Expected,Non-Farm Employment Change,187K,169K,157K,
2023-09-01T13:30:00+01:00,USD,High Impact Expected,Unemployment Rate,3.8%,3.5%,3.5%,
2023-09-01T15:00:00+01:00,USD,High Impact Expected,ISM Manufacturing PMI,47.6,46.9,46.4,
2023-09-06T15:00:00+01:00,USD,High Impact Expected,ISM Services PMI,54.5,52.5,52.7,
2023-09-07T13:30:00+01:00,USD,High Impact Expected,Unemployment Claims,216K,232K,229K,
2023-09-13T13:30:00+01:00,USD,High Impact Expected,Core CPI m/m,0.3%,0.2%,0.2%,
2023-09-13T13:30:00+01:00,USD,High Impact Expected,CPI m/m,0.6%,0.6%,0.2%,
2023-09-13T13:30:00+01:00,USD,High Impact Expected,CPI y/y,3.7%,3.6%,3.2%,
2023-09-14T13:30:00+01:00,USD,High Impact Expected,Core PPI m/m,0.2%,0.2%,0.4%,
2023-09-14T13:30:00+01:00,USD,High Impact Expected,Core Retail Sales m/m,0.6%,0.4%,0.7%,
2023-09-14T13:30:00+01:00,USD,High Impact Expected,PPI m/m,0.7%,0.4%,0.4%,
2023-09-14T13:30:00+01:00,USD,High Impact Expected,Retail Sales m/m,0.6%,0.1%,0.5%,
2023-09-14T13:30:00+01:00,USD,High Impact Expected,Unemployment Claims,220K,226K,217K,
2023-09-15T13:30:00+01:00,USD,High Impact Expected,Empire State Manufacturing Index,1.9,-9.9,-19.0,
2023-09-15T15:00:00+01:00,USD,High Impact Expected,Prelim UoM Consumer Sentiment,67.7,69.0,69.5,
2023-09-20T19:00:00+01:00,USD,High Impact Expected,FOMC Statement,,,,
2023-09-20T19:00:00+01:00,USD,High Impact Expected,FOMC Economic Projections,,,,
2023-09-20T19:00:00+01:00,USD,High Impact Expected,Federal Funds Rate,5.50%,5.50%,5.50%,
2023-09-20T19:30:00+01:00,USD,High Impact Expected,FOMC Press Conference,,,,
2023-09-21T13:30:00+01:00,USD,High Impact Expected,Unemployment Claims,201K,224K,221K,
2023-09-22T14:45:00+01:00,USD,High Impact Expected,Flash Services PMI,50.2,50.7,50.5,
2023-09-22T14:45:00+01:00,USD,High Impact Expected,Flash Manufacturing PMI,48.9,48.2,47.9,
2023-09-26T15:00:00+01:00,USD,High Impact Expected,CB Consumer Confidence,103.0,105.5,108.7,
2023-09-28T13:30:00+01:00,USD,High Impact Expected,Final GDP q/q,2.1%,2.2%,2.1%,
2023-09-28T13:30:00+01:00,USD,High Impact Expected,Unemployment Claims,204K,214K,202K,
2023-09-28T21:00:00+01:00,USD,High Impact Expected,Fed Chair Powell Speaks,,,,
2023-09-29T13:30:00+01:00,USD,High Impact Expected,Core PCE Price Index m/m,0.1%,0.2%,0.2%,
2023-09-29T15:00:00+01:00,USD,High Impact Expected,Revised UoM Consumer Sentiment,68.1,67.7,67.7,
2023-10-02T15:00:00+01:00,USD,High Impact Expected,ISM Manufacturing PMI,49.0,47.8,47.6,
2023-10-02T16:00:00+01:00,USD,High Impact Expected,Fed Chair Powell Speaks,,,,
2023-10-03T15:00:00+01:00,USD,High Impact Expected,JOLTS Job Openings,9.61M,8.81M,8.92M,
2023-10-04T13:15:00+01:00,USD,High Impact Expected,ADP Non-Farm Employment Change,89K,154K,180K,
2023-10-04T15:00:00+01:00,USD,High Impact Expected,ISM Services PMI,53.6,53.5,54.5,
2023-10-05T13:30:00+01:00,USD,High Impact Expected,Unemployment Claims,207K,211K,205K,
2023-10-06T13:30:00+01:00,USD,High Impact Expected,Average Hourly Earnings m/m,0.2%,0.3%,0.2%,
2023-10-06T13:30:00+01:00,USD,High Impact Expected,Non-Farm Employment Change,336K,171K,227K,
2023-10-06T13:30:00+01:00,USD,High Impact Expected,Unemployment Rate,3.8%,3.7%,3.8%,
2023-10-11T13:30:00+01:00,USD,High Impact Expected,Core PPI m/m,0.3%,0.2%,0.2%,
2023-10-11T13:30:00+01:00,USD,High Impact Expected,PPI m/m,0.5%,0.3%,0.7%,
2023-10-11T19:00:00+01:00,USD,High Impact Expected,FOMC Meeting Minutes,,,,
2023-10-12T13:30:00+01:00,USD,High Impact Expected,Core CPI m/m,0.3%,0.3%,0.3%,
2023-10-12T13:30:00+01:00,USD,High Impact Expected,CPI m/m,0.4%,0.3%,0.6%,
2023-10-12T13:30:00+01:00,USD,High Impact Expected,CPI y/y,3.7%,3.6%,3.7%,
2023-10-12T13:30:00+01:00,USD,High Impact Expected,Unemployment Claims,209K,211K,209K,
2023-10-13T15:00:00+01:00,USD,High Impact Expected,Prelim UoM Consumer Sentiment,63.0,67.2,68.1,
2023-10-16T13:30:00+01:00,USD,High Impact Expected,Empire State Manufacturing Index,-4.6,-6.4,1.9,
2023-10-17T13:30:00+01:00,USD,High Impact Expected,Core Retail Sales m/m,0.6%,0.2%,0.9%,
2023-10-17T13:30:00+01:00,USD,High Impact Expected,Retail Sales m/m,0.7%,0.3%,0.8%,
2023-10-19T13:30:00+01:00,USD,High Impact Expected,Unemployment Claims,198K,210K,211K,
2023-10-19T17:00:00+01:00,USD,High Impact Expected,Fed Chair Powell Speaks,,,,
2023-10-24T14:45:00+01:00,USD,High Impact Expected,Flash Services PMI,50.9,49.9,50.1,
2023-10-24T14:45:00+01:00,USD,High Impact Expected,Flash Manufacturing PMI,50.0,49.5,49.8,
2023-10-25T21:35:00+01:00,USD,High Impact Expected,Fed Chair Powell Speaks,,,,
2023-10-26T13:30:00+01:00,USD,High Impact Expected,Advance GDP q/q,4.9%,4.5%,2.1%,
2023-10-26T13:30:00+01:00,USD,High Impact Expected,Unemployment Claims,210K,208K,200K,
2023-10-27T13:30:00+01:00,USD,High Impact Expected,Core PCE Price Index m/m,0.3%,0.3%,0.1%,
2023-10-27T15:00:00+01:00,USD,High Impact Expected,Revised UoM Consumer Sentiment,63.8,63.0,63.0,
2023-10-31T12:30:00+00:00,USD,High Impact Expected,Employment Cost Index q/q,1.1%,1.0%,1.0%,
2023-10-31T14:00:00+00:00,USD,High Impact Expected,CB Consumer Confidence,102.6,100.5,104.3,
2023-11-01T12:15:00+00:00,USD,High Impact Expected,ADP Non-Farm Employment Change,113K,149K,89K,
2023-11-01T14:00:00+00:00,USD,High Impact Expected,ISM Manufacturing PMI,46.7,49.0,49.0,
2023-11-01T14:00:00+00:00,USD,High Impact Expected,JOLTS Job Openings,9.55M,9.34M,9.50M,
2023-11-01T18:00:00+00:00,USD,High Impact Expected,Federal Funds Rate,5.50%,5.50%,5.50%,
2023-11-01T18:00:00+00:00,USD,High Impact Expected,FOMC Statement,,,,
2023-11-01T18:30:00+00:00,USD,High Impact Expected,FOMC Press Conference,,,,
2023-11-02T12:30:00+00:00,USD,High Impact Expected,Unemployment Claims,217K,210K,212K,
2023-11-03T12:30:00+00:00,USD,High Impact Expected,Unemployment Rate,3.9%,3.8%,3.8%,
2023-11-03T12:30:00+00:00,USD,High Impact Expected,Non-Farm Employment Change,150K,178K,297K,
2023-11-03T12:30:00+00:00,USD,High Impact Expected,Average Hourly Earnings m/m,0.2%,0.3%,0.3%,
2023-11-03T14:00:00+00:00,USD,High Impact Expected,ISM Services PMI,51.8,53.0,53.6,
2023-11-07T21:00:00+00:00,USD,High Impact Expected,Treasury Currency Report,,,,
2023-11-08T14:15:00+00:00,USD,High Impact Expected,Fed Chair Powell Speaks,,,,
2023-11-09T13:30:00+00:00,USD,High Impact Expected,Unemployment Claims,217K,218K,220K,
2023-11-09T19:00:00+00:00,USD,High Impact Expected,Fed Chair Powell Speaks,,,,
2023-11-10T15:00:00+00:00,USD,High Impact Expected,Prelim UoM Consumer Sentiment,60.4,63.7,63.8,
2023-11-14T13:30:00+00:00,USD,High Impact Expected,CPI y/y,3.2%,3.3%,3.7%,
2023-11-14T13:30:00+00:00,USD,High Impact Expected,CPI m/m,0.0%,0.1%,0.4%,
2023-11-14T13:30:00+00:00,USD,High Impact Expected,Core CPI m/m,0.2%,0.3%,0.3%,
2023-11-15T13:30:00+00:00,USD,High Impact Expected,Retail Sales m/m,-0.1%,-0.3%,0.9%,
2023-11-15T13:30:00+00:00,USD,High Impact Expected,Empire State Manufacturing Index,9.1,-3.3,-4.6,
2023-11-15T13:30:00+00:00,USD,High Impact Expected,PPI m/m,-0.5%,0.1%,0.4%,
2023-11-15T13:30:00+00:00,USD,High Impact Expected,Core PPI m/m,0.0%,0.3%,0.2%,
2023-11-15T13:30:00+00:00,USD,High Impact Expected,Core Retail Sales m/m,0.1%,-0.1%,0.8%,
2023-11-16T13:30:00+00:00,USD,High Impact Expected,Unemployment Claims,231K,221K,218K,
2023-11-21T19:00:00+00:00,USD,High Impact Expected,FOMC Meeting Minutes,,,,
2023-11-22T13:30:00+00:00,USD,High Impact Expected,Unemployment Claims,209K,226K,233K,
2023-11-22T15:00:00+00:00,USD,High Impact Expected,Revised UoM Consumer Sentiment,61.3,61.1,60.4,
2023-11-24T14:45:00+00:00,USD,High Impact Expected,Flash Manufacturing PMI,49.4,49.9,50.0,
2023-11-24T14:45:00+00:00,USD,High Impact Expected,Flash Services PMI,50.8,50.4,50.6,
2023-11-28T15:00:00+00:00,USD,High Impact Expected,CB Consumer Confidence,102.0,101.0,99.1,
2023-11-29T13:30:00+00:00,USD,High Impact Expected,Prelim GDP q/q,5.2%,5.0%,4.9%,
2023-11-30T13:30:00+00:00,USD,High Impact Expected,Core PCE Price Index m/m,0.2%,0.2%,0.3%,
2023-11-30T13:30:00+00:00,USD,High Impact Expected,Unemployment Claims,218K,219K,211K,
2023-12-01T15:00:00+00:00,USD,High Impact Expected,ISM Manufacturing PMI,46.7,47.9,46.7,
2023-12-01T16:00:00+00:00,USD,High Impact Expected,Fed Chair Powell Speaks,,,,
2023-12-01T19:00:00+00:00,USD,High Impact Expected,Fed Chair Powell Speaks,,,,
2023-12-05T15:00:00+00:00,USD,High Impact Expected,ISM Services PMI,52.7,52.2,51.8,
2023-12-05T15:00:00+00:00,USD,High Impact Expected,JOLTS Job Openings,8.73M,9.31M,9.35M,
2023-12-06T13:15:00+00:00,USD,High Impact Expected,ADP Non-Farm Employment Change,103K,131K,106K,
2023-12-07T13:30:00+00:00,USD,High Impact Expected,Unemployment Claims,220K,221K,219K,
2023-12-08T13:30:00+00:00,USD,High Impact Expected,Average Hourly Earnings m/m,0.4%,0.3%,0.2%,
2023-12-08T13:30:00+00:00,USD,High Impact Expected,Non-Farm Employment Change,199K,184K,150K,
2023-12-08T13:30:00+00:00,USD,High Impact Expected,Unemployment Rate,3.7%,3.9%,3.9%,
2023-12-08T15:00:00+00:00,USD,High Impact Expected,Prelim UoM Consumer Sentiment,69.4,62.0,61.3,
2023-12-12T13:30:00+00:00,USD,High Impact Expected,Core CPI m/m,0.3%,0.3%,0.2%,
2023-12-12T13:30:00+00:00,USD,High Impact Expected,CPI m/m,0.1%,0.0%,0.0%,
2023-12-12T13:30:00+00:00,USD,High Impact Expected,CPI y/y,3.1%,3.1%,3.2%,
2023-12-13T13:30:00+00:00,USD,High Impact Expected,Core PPI m/m,0.0%,0.2%,0.0%,
2023-12-13T13:30:00+00:00,USD,High Impact Expected,PPI m/m,0.0%,0.0%,-0.4%,
2023-12-13T19:00:00+00:00,USD,High Impact Expected,FOMC Economic Projections,,,,
2023-12-13T19:00:00+00:00,USD,High Impact Expected,FOMC Statement,,,,
2023-12-13T19:00:00+00:00,USD,High Impact Expected,Federal Funds Rate,5.50%,5.50%,5.50%,
2023-12-13T19:30:00+00:00,USD,High Impact Expected,FOMC Press Conference,,,,
2023-12-14T13:30:00+00:00,USD,High Impact Expected,Core Retail Sales m/m,0.2%,-0.1%,0.0%,
2023-12-14T13:30:00+00:00,USD,High Impact Expected,Retail Sales m/m,0.3%,-0.1%,-0.2%,
2023-12-14T13:30:00+00:00,USD,High Impact Expected,Unemployment Claims,202K,219K,221K,
2023-12-15T13:30:00+00:00,USD,High Impact Expected,Empire State Manufacturing Index,-14.5,2.0,9.1,
2023-12-15T14:45:00+00:00,USD,High Impact Expected,Flash Services PMI,51.3,50.7,50.8,
2023-12-15T14:45:00+00:00,USD,High Impact Expected,Flash Manufacturing PMI,48.2,49.5,49.4,
2023-12-20T15:00:00+00:00,USD,High Impact Expected,CB Consumer Confidence,110.7,104.6,101.0,
2023-12-21T13:30:00+00:00,USD,High Impact Expected,Final GDP q/q,4.9%,5.2%,5.2%,
2023-12-21T13:30:00+00:00,USD,High Impact Expected,Unemployment Claims,205K,214K,203K,
2023-12-22T13:30:00+00:00,USD,High Impact Expected,Core PCE Price Index m/m,0.1%,0.2%,0.1%,
2023-12-22T15:00:00+00:00,USD,High Impact Expected,Revised UoM Consumer Sentiment,69.7,69.4,69.4,
2024-01-03T15:00:00+00:00,USD,High Impact Expected,JOLTS Job Openings,8.79M,8.84M,8.85M,
2024-01-03T15:00:00+00:00,USD,High Impact Expected,ISM Manufacturing PMI,47.4,47.2,46.7,
2024-01-03T19:00:00+00:00,USD,High Impact Expected,FOMC Meeting Minutes,,,,
2024-01-04T13:15:00+00:00,USD,High Impact Expected,ADP Non-Farm Employment Change,164K,120K,101K,
2024-01-04T13:30:00+00:00,USD,High Impact Expected,Unemployment Claims,202K,217K,220K,
2024-01-05T13:30:00+00:00,USD,High Impact Expected,Average Hourly Earnings m/m,0.4%,0.3%,0.4%,
2024-01-05T13:30:00+00:00,USD,High Impact Expected,Non-Farm Employment Change,216K,168K,173K,
2024-01-05T13:30:00+00:00,USD,High Impact Expected,Unemployment Rate,3.7%,3.8%,3.7%,
2024-01-05T15:00:00+00:00,USD,High Impact Expected,ISM Services PMI,50.6,52.5,52.7,
2024-01-11T13:30:00+00:00,USD,High Impact Expected,Core CPI m/m,0.3%,0.3%,0.3%,
2024-01-11T13:30:00+00:00,USD,High Impact Expected,CPI m/m,0.3%,0.2%,0.1%,
2024-01-11T13:30:00+00:00,USD,High Impact Expected,CPI y/y,3.4%,3.2%,3.1%,
2024-01-11T13:30:00+00:00,USD,High Impact Expected,Unemployment Claims,202K,209K,203K,
2024-01-12T13:30:00+00:00,USD,High Impact Expected,PPI m/m,-0.1%,0.1%,-0.1%,
2024-01-12T13:30:00+00:00,USD,High Impact Expected,Core PPI m/m,0.0%,0.2%,0.0%,
2024-01-16T13:30:00+00:00,USD,High Impact Expected,Empire State Manufacturing Index,-43.7,-4.9,-14.5,
2024-01-17T13:30:00+00:00,USD,High Impact Expected,Core Retail Sales m/m,0.4%,0.2%,0.2%,
2024-01-17T13:30:00+00:00,USD,High Impact Expected,Retail Sales m/m,0.6%,0.4%,0.3%,
2024-01-18T13:30:00+00:00,USD,High Impact Expected,Unemployment Claims,187K,206K,203K,
2024-01-19T15:00:00+00:00,USD,High Impact Expected,Prelim UoM Consumer Sentiment,78.8,69.8,69.7,
2024-01-24T14:45:00+00:00,USD,High Impact Expected,Flash Manufacturing PMI,50.3,47.6,47.9,
2024-01-24T14:45:00+00:00,USD,High Impact Expected,Flash Services PMI,52.9,51.4,51.4,
2024-01-25T13:30:00+00:00,USD,High Impact Expected,Unemployment Claims,214K,199K,189K,
2024-01-25T13:30:00+00:00,USD,High Impact Expected,Advance GDP q/q,3.3%,2.0%,4.9%,
2024-01-26T13:30:00+00:00,USD,High Impact Expected,Core PCE Price Index m/m,0.2%,0.2%,0.1%,
2024-01-30T15:00:00+00:00,USD,High Impact Expected,CB Consumer Confidence,114.8,114.2,108.0,
2024-01-30T15:00:00+00:00,USD,High Impact Expected,JOLTS Job Openings,9.03M,8.73M,8.93M,
2024-01-31T13:15:00+00:00,USD,High Impact Expected,ADP Non-Farm Employment Change,107K,148K,158K,
2024-01-31T13:30:00+00:00,USD,High Impact Expected,Employment Cost Index q/q,0.9%,1.0%,1.1%,
2024-01-31T19:00:00+00:00,USD,High Impact Expected,FOMC Statement,,,,
2024-01-31T19:00:00+00:00,USD,High Impact Expected,Federal Funds Rate,5.50%,5.50%,5.50%,
2024-01-31T19:30:00+00:00,USD,High Impact Expected,FOMC Press Conference,,,,
2024-02-01T13:30:00+00:00,USD,High Impact Expected,Unemployment Claims,224K,213K,215K,
2024-02-01T15:00:00+00:00,USD,High Impact Expected,ISM Manufacturing PMI,49.1,47.2,47.4,
2024-02-02T13:30:00+00:00,USD,High Impact Expected,Average Hourly Earnings m/m,0.6%,0.3%,0.4%,
2024-02-02T13:30:00+00:00,USD,High Impact Expected,Non-Farm Employment Change,353K,187K,333K,
2024-02-02T13:30:00+00:00,USD,High Impact Expected,Unemployment Rate,3.7%,3.8%,3.7%,
2024-02-02T15:00:00+00:00,USD,High Impact Expected,Revised UoM Consumer Sentiment,79.0,78.9,78.8,
2024-02-05T00:00:00+00:00,USD,High Impact Expected,Fed Chair Powell Speaks,,,,
2024-02-05T15:00:00+00:00,USD,High Impact Expected,ISM Services PMI,53.4,52.0,50.6,
2024-02-08T13:30:00+00:00,USD,High Impact Expected,Unemployment Claims,218K,221K,227K,
2024-02-13T13:30:00+00:00,USD,High Impact Expected,Core CPI m/m,0.4%,0.3%,0.3%,
2024-02-13T13:30:00+00:00,USD,High Impact Expected,CPI m/m,0.3%,0.2%,0.3%,
2024-02-13T13:30:00+00:00,USD,High Impact Expected,CPI y/y,3.1%,2.9%,3.4%,
2024-02-15T13:30:00+00:00,USD,High Impact Expected,Empire State Manufacturing Index,-2.4,-13.7,-43.7,
2024-02-15T13:30:00+00:00,USD,High Impact Expected,Retail Sales m/m,-0.8%,-0.2%,0.4%,
2024-02-15T13:30:00+00:00,USD,High Impact Expected,Core Retail Sales m/m,-0.6%,0.2%,0.4%,
2024-02-15T13:30:00+00:00,USD,High Impact Expected,Unemployment Claims,212K,219K,220K,
2024-02-16T13:30:00+00:00,USD,High Impact Expected,Core PPI m/m,0.5%,0.1%,-0.1%,
2024-02-16T13:30:00+00:00,USD,High Impact Expected,PPI m/m,0.3%,0.1%,-0.1%,
2024-02-16T15:00:00+00:00,USD,High Impact Expected,Prelim UoM Consumer Sentiment,79.6,80.0,79.0,
2024-02-21T19:00:00+00:00,USD,High Impact Expected,FOMC Meeting Minutes,,,,
2024-02-22T13:30:00+00:00,USD,High Impact Expected,Unemployment Claims,201K,217K,213K,
2024-02-22T14:45:00+00:00,USD,High Impact Expected,Flash Services PMI,51.3,52.4,52.5,
2024-02-22T14:45:00+00:00,USD,High Impact Expected,Flash Manufacturing PMI,51.5,50.5,50.7,
2024-02-27T13:30:00+00:00,USD,High Impact Expected,Durable Goods Orders m/m,-6.1%,-4.9%,-0.3%,
2024-02-27T15:00:00+00:00,USD,High Impact Expected,CB Consumer Confidence,106.7,114.8,110.9,
2024-02-28T13:30:00+00:00,USD,High Impact Expected,Prelim GDP q/q,3.2%,3.3%,3.3%,
2024-02-29T13:30:00+00:00,USD,High Impact Expected,Unemployment Claims,215K,209K,202K,
2024-02-29T13:30:00+00:00,USD,High Impact Expected,Core PCE Price Index m/m,0.4%,0.4%,0.1%,
2024-03-01T15:00:00+00:00,USD,High Impact Expected,ISM Manufacturing PMI,47.8,49.5,49.1,
2024-03-01T15:00:00+00:00,USD,High Impact Expected,Revised UoM Consumer Sentiment,76.9,79.6,79.6,
2024-03-05T15:00:00+00:00,USD,High Impact Expected,ISM Services PMI,52.6,53.0,53.4,
2024-03-06T13:15:00+00:00,USD,High Impact Expected,ADP Non-Farm Employment Change,140K,149K,111K,
2024-03-06T15:00:00+00:00,USD,High Impact Expected,Fed Chair Powell Testifies,,,,
2024-03-06T15:00:00+00:00,USD,High Impact Expected,JOLTS Job Openings,8.86M,8.80M,8.89M,
2024-03-07T13:30:00+00:00,USD,High Impact Expected,Unemployment Claims,217K,217K,217K,
2024-03-07T15:00:00+00:00,USD,High Impact Expected,Fed Chair Powell Testifies,,,,
2024-03-08T13:30:00+00:00,USD,High Impact Expected,Average Hourly Earnings m/m,0.1%,0.2%,0.5%,
2024-03-08T13:30:00+00:00,USD,High Impact Expected,Non-Farm Employment Change,275K,198K,229K,
2024-03-08T13:30:00+00:00,USD,High Impact Expected,Unemployment Rate,3.9%,3.7%,3.7%,
2024-03-12T12:30:00+00:00,USD,High Impact Expected,CPI y/y,3.2%,3.1%,3.1%,
2024-03-12T12:30:00+00:00,USD,High Impact Expected,Core CPI m/m,0.4%,0.3%,0.4%,
2024-03-12T12:30:00+00:00,USD,High Impact Expected,CPI m/m,0.4%,0.4%,0.3%,
2024-03-12T17:01:00+00:00,USD,High Impact Expected,10-y Bond Auction,4.17|2.5,,4.09|2.6,
2024-03-13T17:01:00+00:00,USD,High Impact Expected,30-y Bond Auction,4.33|2.5,,4.36|2.4,
2024-03-14T12:30:00+00:00,USD,High Impact Expected,Core PPI m/m,0.3%,0.2%,0.5%,
2024-03-14T12:30:00+00:00,USD,High Impact Expected,Core Retail Sales m/m,0.3%,0.5%,-0.8%,
2024-03-14T12:30:00+00:00,USD,High Impact Expected,PPI m/m,0.6%,0.3%,0.3%,
2024-03-14T12:30:00+00:00,USD,High Impact Expected,Retail Sales m/m,0.6%,0.8%,-1.1%,
2024-03-14T12:30:00+00:00,USD,High Impact Expected,Unemployment Claims,209K,218K,210K,
2024-03-15T12:30:00+00:00,USD,High Impact Expected,Empire State Manufacturing Index,-20.9,-7.0,-2.4,
2024-03-15T14:00:00+00:00,USD,High Impact Expected,Prelim UoM Consumer Sentiment,76.5,77.1,76.9,
2024-03-20T18:00:00+00:00,USD,High Impact Expected,Federal Funds Rate,5.50%,5.50%,5.50%,
2024-03-20T18:00:00+00:00,USD,High Impact Expected,FOMC Economic Projections,,,,
2024-03-20T18:00:00+00:00,USD,High Impact Expected,FOMC Statement,,,,
2024-03-20T18:30:00+00:00,USD,High Impact Expected,FOMC Press Conference,,,,
2024-03-21T12:30:00+00:00,USD,High Impact Expected,Unemployment Claims,210K,212K,212K,
2024-03-21T13:45:00+00:00,USD,High Impact Expected,Flash Services PMI,51.7,52.0,52.3,
2024-03-21T13:45:00+00:00,USD,High Impact Expected,Flash Manufacturing PMI,52.5,51.8,52.2,
2024-03-22T13:00:00+00:00,USD,High Impact Expected,Fed Chair Powell Speaks,,,,
2024-03-26T14:00:00+00:00,USD,High Impact Expected,CB Consumer Confidence,104.7,106.9,104.8,
2024-03-27T22:00:00+00:00,USD,High Impact Expected,FOMC Member Waller Speaks,,,,
2024-03-28T12:30:00+00:00,USD,High Impact Expected,Final GDP q/q,3.4%,3.2%,3.2%,
2024-03-28T12:30:00+00:00,USD,High Impact Expected,Unemployment Claims,210K,212K,212K,
2024-03-28T14:00:00+00:00,USD,High Impact Expected,Revised UoM Consumer Sentiment,79.4,76.5,76.5,
2024-03-28T14:00:00+00:00,USD,High Impact Expected,Pending Home Sales m/m,1.6%,1.4%,-4.7%,
2024-03-29T12:30:00+00:00,USD,High Impact Expected,Core PCE Price Index m/m,0.3%,0.3%,0.5%,
2024-03-29T15:30:00+00:00,USD,High Impact Expected,Fed Chair Powell Speaks,,,,
2024-04-01T15:00:00+01:00,USD,High Impact Expected,ISM Manufacturing PMI,50.3,48.5,47.8,
2024-04-02T15:00:00+01:00,USD,High Impact Expected,JOLTS Job Openings,8.76M,8.76M,8.75M,
2024-04-03T13:15:00+01:00,USD,High Impact Expected,ADP Non-Farm Employment Change,184K,148K,155K,
2024-04-03T15:00:00+01:00,USD,High Impact Expected,ISM Services PMI,51.4,52.8,52.6,
2024-04-03T17:10:00+01:00,USD,High Impact Expected,Fed Chair Powell Speaks,,,,
2024-04-04T13:30:00+01:00,USD,High Impact Expected,Unemployment Claims,221K,213K,212K,
2024-04-05T13:30:00+01:00,USD,High Impact Expected,Average Hourly Earnings m/m,0.3%,0.3%,0.2%,
2024-04-05T13:30:00+01:00,USD,High Impact Expected,Non-Farm Employment Change,303K,212K,270K,
2024-04-05T13:30:00+01:00,USD,High Impact Expected,Unemployment Rate,3.8%,3.9%,3.9%,
2024-04-10T13:30:00+01:00,USD,High Impact Expected,Core CPI m/m,0.4%,0.3%,0.4%,
2024-04-10T13:30:00+01:00,USD,High Impact Expected,CPI m/m,0.4%,0.3%,0.4%,
2024-04-10T13:30:00+01:00,USD,High Impact Expected,CPI y/y,3.5%,3.4%,3.2%,
2024-04-10T19:00:00+01:00,USD,High Impact Expected,FOMC Meeting Minutes,,,,
2024-04-11T13:30:00+01:00,USD,High Impact Expected,Core PPI m/m,0.2%,0.2%,0.3%,
2024-04-11T13:30:00+01:00,USD,High Impact Expected,PPI m/m,0.2%,0.3%,0.6%,
2024-04-11T13:30:00+01:00,USD,High Impact Expected,Unemployment Claims,211K,216K,222k,
2024-04-11T18:01:00+01:00,USD,High Impact Expected,30-y Bond Auction,4.67|2.4,,4.33|2.5,
2024-04-12T15:00:00+01:00,USD,High Impact Expected,Prelim UoM Consumer Sentiment,77.9,79.0,79.4,
2024-04-15T13:30:00+01:00,USD,High Impact Expected,Retail Sales m/m,0.7%,0.4%,0.9%,
2024-04-15T13:30:00+01:00,USD,High Impact Expected,Core Retail Sales m/m,1.1%,0.5%,0.6%,
2024-04-15T13:30:00+01:00,USD,High Impact Expected,Empire State Manufacturing Index,-14.3,-5.2,-20.9,
2024-04-16T18:15:00+01:00,USD,High Impact Expected,Fed Chair Powell Speaks,,,,
2024-04-18T13:30:00+01:00,USD,High Impact Expected,Unemployment Claims,212K,215K,212K,
2024-04-23T14:45:00+01:00,USD,High Impact Expected,Flash Manufacturing PMI,49.9,52.0,51.9,
2024-04-23T14:45:00+01:00,USD,High Impact Expected,Flash Services PMI,50.9,52.0,51.7,
2024-04-25T13:30:00+01:00,USD,High Impact Expected,Advance GDP q/q,1.6%,2.5%,3.4%,
2024-04-25T13:30:00+01:00,USD,High Impact Expected,Unemployment Claims,207K,214K,212K,
2024-04-25T15:00:00+01:00,USD,High Impact Expected,Pending Home Sales m/m,3.4%,0.3%,1.6%,
2024-04-26T13:30:00+01:00,USD,High Impact Expected,Core PCE Price Index m/m,0.3%,0.3%,0.3%,
2024-04-26T15:00:00+01:00,USD,High Impact Expected,Revised UoM Consumer Sentiment,77.2,77.9,77.9,
2024-04-30T13:30:00+01:00,USD,High Impact Expected,Employment Cost Index q/q,1.2%,1.0%,0.9%,
2024-04-30T15:00:00+01:00,USD,High Impact Expected,CB Consumer Confidence,97.0,104.0,103.1,
2024-05-01T13:15:00+01:00,USD,High Impact Expected,ADP Non-Farm Employment Change,192K,179K,208K,
2024-05-01T14:45:00+01:00,USD,High Impact Expected,Final Manufacturing PMI,50.0,49.9,49.9,
2024-05-01T15:00:00+01:00,USD,High Impact Expected,ISM Manufacturing PMI,49.2,50.0,50.3,
2024-05-01T15:00:00+01:00,USD,High Impact Expected,JOLTS Job Openings,8.49M,8.68M,8.81M,
2024-05-01T19:00:00+01:00,USD,High Impact Expected,Federal Funds Rate,5.50%,5.50%,5.50%,
2024-05-01T19:00:00+01:00,USD,High Impact Expected,FOMC Statement,,,,
2024-05-01T19:30:00+01:00,USD,High Impact Expected,FOMC Press Conference,,,,
2024-05-02T13:30:00+01:00,USD,High Impact Expected,Unemployment Claims,208K,212K,208K,
2024-05-03T13:30:00+01:00,USD,High Impact Expected,Average Hourly Earnings m/m,0.2%,0.3%,0.3%,
2024-05-03T13:30:00+01:00,USD,High Impact Expected,Non-Farm Employment Change,175K,238K,315K,
2024-05-03T13:30:00+01:00,USD,High Impact Expected,Unemployment Rate,3.9%,3.8%,3.8%,
2024-05-03T15:00:00+01:00,USD,High Impact Expected,ISM Services PMI,49.4,52.0,51.4,
2024-05-09T13:30:00+01:00,USD,High Impact Expected,Unemployment Claims,231K,212K,209K,
2024-05-09T18:01:00+01:00,USD,High Impact Expected,30-y Bond Auction,4.64|2.4,,4.67|2.4,
2024-05-10T15:00:00+01:00,USD,High Impact Expected,Prelim UoM Consumer Sentiment,67.4,76.3,77.2,
2024-05-14T13:30:00+01:00,USD,High Impact Expected,Core PPI m/m,0.5%,0.2%,-0.1%,
2024-05-14T13:30:00+01:00,USD,High Impact Expected,PPI m/m,0.5%,0.3%,-0.1%,
2024-05-14T15:00:00+01:00,USD,High Impact Expected,Fed Chair Powell Speaks,,,,
2024-05-15T13:30:00+01:00,USD,High Impact Expected,Retail Sales m/m,0.0%,0.4%,0.6%,
2024-05-15T13:30:00+01:00,USD,High Impact Expected,Empire State Manufacturing Index,-15.6,-9.9,-14.3,
2024-05-15T13:30:00+01:00,USD,High Impact Expected,CPI y/y,3.4%,3.4%,3.5%,
2024-05-15T13:30:00+01:00,USD,High Impact Expected,Core CPI m/m,0.3%,0.3%,0.4%,
2024-05-15T13:30:00+01:00,USD,High Impact Expected,Core Retail Sales m/m,0.2%,0.2%,0.9%,
2024-05-15T13:30:00+01:00,USD,High Impact Expected,CPI m/m,0.3%,0.4%,0.4%,
2024-05-16T13:30:00+01:00,USD,High Impact Expected,Unemployment Claims,222K,219K,232K,
2024-05-22T19:00:00+01:00,USD,High Impact Expected,FOMC Meeting Minutes,,,,
2024-05-23T13:30:00+01:00,USD,High Impact Expected,Unemployment Claims,215K,220K,223K,
2024-05-23T14:45:00+01:00,USD,High Impact Expected,Flash Services PMI,54.8,51.2,51.3,
2024-05-23T14:45:00+01:00,USD,High Impact Expected,Flash Manufacturing PMI,50.9,50.0,50.0,
2024-05-24T15:00:00+01:00,USD,High Impact Expected,Revised UoM Consumer Sentiment,69.1,67.8,67.4,
2024-05-28T15:00:00+01:00,USD,High Impact Expected,CB Consumer Confidence,102.0,96.0,97.5,
2024-05-30T13:30:00+01:00,USD,High Impact Expected,Prelim GDP q/q,1.3%,1.2%,1.6%,
2024-05-30T13:30:00+01:00,USD,High Impact Expected,Unemployment Claims,219K,218K,216K,
2024-05-30T15:00:00+01:00,USD,High Impact Expected,Pending Home Sales m/m,-7.7%,-1.1%,3.6%,
2024-05-31T13:30:00+01:00,USD,High Impact Expected,Core PCE Price Index m/m,0.2%,0.3%,0.3%,
2024-06-03T14:45:00+01:00,USD,High Impact Expected,Final Manufacturing PMI,51.3,50.9,50.9,
2024-06-03T15:00:00+01:00,USD,High Impact Expected,ISM Manufacturing PMI,48.7,49.8,49.2,
2024-06-04T15:00:00+01:00,USD,High Impact Expected,JOLTS Job Openings,8.06M,8.37M,8.36M,
2024-06-05T13:15:00+01:00,USD,High Impact Expected,ADP Non-Farm Employment Change,152K,173K,188K,
2024-06-05T15:00:00+01:00,USD,High Impact Expected,ISM Services PMI,53.8,51.0,49.4,
2024-06-06T13:30:00+01:00,USD,High Impact Expected,Unemployment Claims,229K,220K,221K,
2024-06-07T13:30:00+01:00,USD,High Impact Expected,Average Hourly Earnings m/m,0.4%,0.3%,0.2%,
2024-06-07T13:30:00+01:00,USD,High Impact Expected,Non-Farm Employment Change,272K,182K,165K,
2024-06-07T13:30:00+01:00,USD,High Impact Expected,Unemployment Rate,4.0%,3.9%,3.9%,
2024-06-12T13:30:00+01:00,USD,High Impact Expected,CPI m/m,0.0%,0.1%,0.3%,
2024-06-12T13:30:00+01:00,USD,High Impact Expected,CPI y/y,3.3%,3.4%,3.4%,
2024-06-12T13:30:00+01:00,USD,High Impact Expected,Core CPI m/m,0.2%,0.3%,0.3%,
2024-06-12T19:00:00+01:00,USD,High Impact Expected,FOMC Statement,,,,
2024-06-12T19:00:00+01:00,USD,High Impact Expected,FOMC Economic Projections,,,,
2024-06-12T19:00:00+01:00,USD,High Impact Expected,Federal Funds Rate,5.50%,5.50%,5.50%,
2024-06-12T19:30:00+01:00,USD,High Impact Expected,FOMC Press Conference,,,,
2024-06-13T13:30:00+01:00,USD,High Impact Expected,Core PPI m/m,0.0%,0.3%,0.5%,
2024-06-13T13:30:00+01:00,USD,High Impact Expected,PPI m/m,-0.2%,0.1%,0.5%,
2024-06-13T13:30:00+01:00,USD,High Impact Expected,Unemployment Claims,242K,225K,229K,
2024-06-14T15:00:00+01:00,USD,High Impact Expected,Prelim UoM Consumer Sentiment,65.6,72.1,69.1,
2024-06-17T13:30:00+01:00,USD,High Impact Expected,Empire State Manufacturing Index,-6.0,-12.5,-15.6,
2024-06-18T13:30:00+01:00,USD,High Impact Expected,Retail Sales m/m,0.1%,0.3%,-0.2%,
2024-06-18T13:30:00+01:00,USD,High Impact Expected,Core Retail Sales m/m,-0.1%,0.2%,-0.1%,
2024-06-20T13:30:00+01:00,USD,High Impact Expected,Unemployment Claims,238K,235K,243K,
2024-06-20T21:00:00+01:00,USD,High Impact Expected,Treasury Currency Report,,,,
2024-06-21T14:45:00+01:00,USD,High Impact Expected,Flash Services PMI,55.1,53.4,54.8,
2024-06-21T14:45:00+01:00,USD,High Impact Expected,Flash Manufacturing PMI,51.7,51.0,51.3,
2024-06-25T15:00:00+01:00,USD,High Impact Expected,CB Consumer Confidence,100.4,100.0,101.3,
2024-06-26T15:00:00+01:00,USD,High Impact Expected,New Home Sales,619K,636K,698K,
2024-06-27T13:30:00+01:00,USD,High Impact Expected,Final GDP q/q,1.4%,1.4%,1.3%,
2024-06-27T13:30:00+01:00,USD,High Impact Expected,Unemployment Claims,233K,236K,239K,
2024-06-27T15:00:00+01:00,USD,High Impact Expected,Pending Home Sales m/m,-2.1%,0.6%,-7.7%,
2024-06-28T13:30:00+01:00,USD,High Impact Expected,Core PCE Price Index m/m,0.1%,0.1%,0.3%,
2024-07-01T15:00:00+01:00,USD,High Impact Expected,ISM Manufacturing PMI,48.5,49.2,48.7,
2024-07-02T14:30:00+01:00,USD,High Impact Expected,Fed Chair Powell Speaks,,,,
2024-07-02T15:00:00+01:00,USD,High Impact Expected,JOLTS Job Openings,8.14M,7.96M,7.92M,
2024-07-03T13:15:00+01:00,USD,High Impact Expected,ADP Non-Farm Employment Change,150K,163K,157K,
2024-07-03T13:30:00+01:00,USD,High Impact Expected,Unemployment Claims,238K,234K,234K,
2024-07-03T15:00:00+01:00,USD,High Impact Expected,ISM Services PMI,48.8,52.6,53.8,
2024-07-03T19:00:00+01:00,USD,High Impact Expected,FOMC Meeting Minutes,,,,
2024-07-05T13:30:00+01:00,USD,High Impact Expected,Average Hourly Earnings m/m,0.3%,0.3%,0.4%,
2024-07-05T13:30:00+01:00,USD,High Impact Expected,Non-Farm Employment Change,206K,191K,218K,
2024-07-05T13:30:00+01:00,USD,High Impact Expected,Unemployment Rate,4.1%,4.0%,4.0%,
2024-07-09T15:00:00+01:00,USD,High Impact Expected,Fed Chair Powell Testifies,,,,
2024-07-10T15:00:00+01:00,USD,High Impact Expected,Fed Chair Powell Testifies,,,,
2024-07-11T13:30:00+01:00,USD,High Impact Expected,Core CPI m/m,0.1%,0.2%,0.2%,
2024-07-11T13:30:00+01:00,USD,High Impact Expected,CPI m/m,-0.1%,0.1%,0.0%,
2024-07-11T13:30:00+01:00,USD,High Impact Expected,CPI y/y,3.0%,3.1%,3.3%,
2024-07-11T13:30:00+01:00,USD,High Impact Expected,Unemployment Claims,222K,236K,239K,
2024-07-12T13:30:00+01:00,USD,High Impact Expected,PPI m/m,0.2%,0.1%,0.0%,
2024-07-12T13:30:00+01:00,USD,High Impact Expected,Core PPI m/m,0.4%,0.2%,0.3%,
2024-07-12T15:00:00+01:00,USD,High Impact Expected,Prelim UoM Consumer Sentiment,66.0,68.5,68.2,
2024-07-15T13:30:00+01:00,USD,High Impact Expected,Empire State Manufacturing Index,-6.6,-5.5,-6.0,
2024-07-15T17:30:00+01:00,USD,High Impact Expected,Fed Chair Powell Speaks,,,,
2024-07-16T13:30:00+01:00,USD,High Impact Expected,Retail Sales m/m,0.0%,-0.3%,0.3%,
2024-07-16T13:30:00+01:00,USD,High Impact Expected,Core Retail Sales m/m,0.4%,0.1%,0.1%,
2024-07-18T13:30:00+01:00,USD,High Impact Expected,Unemployment Claims,243K,229K,223K,
2024-07-24T14:45:00+01:00,USD,High Impact Expected,Flash Services PMI,56.0,54.7,55.3,
2024-07-24T14:45:00+01:00,USD,High Impact Expected,Flash Manufacturing PMI,49.5,51.7,51.6,
2024-07-25T13:30:00+01:00,USD,High Impact Expected,Advance GDP q/q,2.8%,2.0%,1.4%,
2024-07-25T13:30:00+01:00,USD,High Impact Expected,Unemployment Claims,235K,237K,245K,
2024-07-26T13:30:00+01:00,USD,High Impact Expected,Core PCE Price Index m/m,0.2%,0.2%,0.1%,
2024-07-30T15:00:00+01:00,USD,High Impact Expected,CB Consumer Confidence,100.3,99.7,97.8,
2024-07-30T15:00:00+01:00,USD,High Impact Expected,JOLTS Job Openings,8.18M,8.02M,8.23M,
2024-07-31T13:15:00+01:00,USD,High Impact Expected,ADP Non-Farm Employment Change,122K,147K,155K,
2024-07-31T13:30:00+01:00,USD,High Impact Expected,Employment Cost Index q/q,0.9%,1.0%,1.2%,
2024-07-31T15:00:00+01:00,USD,High Impact Expected,Pending Home Sales m/m,4.8%,1.4%,-1.9%,
2024-07-31T19:00:00+01:00,USD,High Impact Expected,Federal Funds Rate,5.50%,5.50%,5.50%,
2024-07-31T19:00:00+01:00,USD,High Impact Expected,FOMC Statement,,,,
2024-07-31T19:30:00+01:00,USD,High Impact Expected,FOMC Press Conference,,,,
2024-08-01T13:30:00+01:00,USD,High Impact Expected,Unemployment Claims,249K,236K,235K,
2024-08-01T15:00:00+01:00,USD,High Impact Expected,ISM Manufacturing PMI,46.8,48.8,48.5,
2024-08-02T13:30:00+01:00,USD,High Impact Expected,Non-Farm Employment Change,114K,176K,179K,
2024-08-02T13:30:00+01:00,USD,High Impact Expected,Unemployment Rate,4.3%,4.1%,4.1%,
2024-08-02T13:30:00+01:00,USD,High Impact Expected,Average Hourly Earnings m/m,0.2%,0.3%,0.3%,
2024-08-05T15:00:00+01:00,USD,High Impact Expected,ISM Services PMI,51.4,51.1,48.8,
2024-08-08T13:30:00+01:00,USD,High Impact Expected,Unemployment Claims,233K,241K,250K,
2024-08-13T13:30:00+01:00,USD,High Impact Expected,Core PPI m/m,0.0%,0.2%,0.3%,
2024-08-13T13:30:00+01:00,USD,High Impact Expected,PPI m/m,0.1%,0.2%,0.2%,
2024-08-14T13:30:00+01:00,USD,High Impact Expected,Core CPI m/m,0.2%,0.2%,0.1%,
2024-08-14T13:30:00+01:00,USD,High Impact Expected,CPI m/m,0.2%,0.2%,-0.1%,
2024-08-14T13:30:00+01:00,USD,High Impact Expected,CPI y/y,2.9%,3.0%,3.0%,
2024-08-15T13:30:00+01:00,USD,High Impact Expected,Unemployment Claims,227K,236K,234K,
2024-08-15T13:30:00+01:00,USD,High Impact Expected,Core Retail Sales m/m,0.4%,0.1%,0.5%,
2024-08-15T13:30:00+01:00,USD,High Impact Expected,Retail Sales m/m,1.0%,0.4%,-0.2%,
2024-08-21T15:00:00+01:00,USD,High Impact Expected,Prelim Benchmark Payrolls Revision,-818K,,-306K,
2024-08-21T19:00:00+01:00,USD,High Impact Expected,FOMC Meeting Minutes,,,,
2024-08-22T13:30:00+01:00,USD,High Impact Expected,Unemployment Claims,232K,232K,228K,
2024-08-22T14:45:00+01:00,USD,High Impact Expected,Flash Manufacturing PMI,48.0,49.5,49.6,
2024-08-22T14:45:00+01:00,USD,High Impact Expected,Flash Services PMI,55.2,54.0,55.0,
2024-08-23T15:00:00+01:00,USD,High Impact Expected,Fed Chair Powell Speaks,,,,
2024-08-27T15:00:00+01:00,USD,High Impact Expected,CB Consumer Confidence,103.3,100.9,101.9,
2024-08-29T13:30:00+01:00,USD,High Impact Expected,Unemployment Claims,231K,232K,233K,
2024-08-29T13:30:00+01:00,USD,High Impact Expected,Prelim GDP q/q,3.0%,2.8%,2.8%,
2024-08-30T13:30:00+01:00,USD,High Impact Expected,Core PCE Price Index m/m,0.2%,0.2%,0.2%,
2024-09-03T15:00:00+01:00,USD,High Impact Expected,ISM Manufacturing PMI,47.2,47.5,46.8,
2024-09-04T15:00:00+01:00,USD,High Impact Expected,JOLTS Job Openings,7.67M,8.09M,7.91M,
2024-09-05T13:15:00+01:00,USD,High Impact Expected,ADP Non-Farm Employment Change,99K,144K,111K,
2024-09-05T13:30:00+01:00,USD,High Impact Expected,Unemployment Claims,227K,231K,232K,
2024-09-05T15:00:00+01:00,USD,High Impact Expected,ISM Services PMI,51.5,51.3,51.4,
2024-09-06T13:30:00+01:00,USD,High Impact Expected,Unemployment Rate,4.2%,4.2%,4.3%,
2024-09-06T13:30:00+01:00,USD,High Impact Expected,Non-Farm Employment Change,142K,164K,89K,
2024-09-06T13:30:00+01:00,USD,High Impact Expected,Average Hourly Earnings m/m,0.4%,0.3%,0.2%,
2024-09-06T16:00:00+01:00,USD,High Impact Expected,FOMC Member Waller Speaks,,,,
2024-09-11T13:30:00+01:00,USD,High Impact Expected,CPI m/m,0.2%,0.2%,0.2%,
2024-09-11T13:30:00+01:00,USD,High Impact Expected,CPI y/y,2.5%,2.5%,2.9%,
2024-09-11T13:30:00+01:00,USD,High Impact Expected,Core CPI m/m,0.3%,0.2%,0.2%,
2024-09-12T13:30:00+01:00,USD,High Impact Expected,Core PPI m/m,0.3%,0.2%,-0.2%,
2024-09-12T13:30:00+01:00,USD,High Impact Expected,PPI m/m,0.2%,0.1%,0.0%,
2024-09-12T13:30:00+01:00,USD,High Impact Expected,Unemployment Claims,230K,227K,228K,
2024-09-17T13:30:00+01:00,USD,High Impact Expected,Core Retail Sales m/m,0.1%,0.2%,0.4%,
2024-09-17T13:30:00+01:00,USD,High Impact Expected,Retail Sales m/m,0.1%,-0.2%,1.1%,
2024-09-18T19:00:00+01:00,USD,High Impact Expected,Federal Funds Rate,5.00%,5.25%,5.50%,
2024-09-18T19:00:00+01:00,USD,High Impact Expected,FOMC Economic Projections,,,,
2024-09-18T19:00:00+01:00,USD,High Impact Expected,FOMC Statement,,,,
2024-09-18T19:30:00+01:00,USD,High Impact Expected,FOMC Press Conference,,,,
2024-09-19T13:30:00+01:00,USD,High Impact Expected,Unemployment Claims,219K,230K,231K,
2024-09-23T14:45:00+01:00,USD,High Impact Expected,Flash Manufacturing PMI,47.0,48.6,47.9,
2024-09-23T14:45:00+01:00,USD,High Impact Expected,Flash Services PMI,55.4,55.3,55.7,
2024-09-24T15:00:00+01:00,USD,High Impact Expected,CB Consumer Confidence,98.7,103.9,105.6,
2024-09-26T13:30:00+01:00,USD,High Impact Expected,Final GDP q/q,3.0%,3.0%,3.0%,
2024-09-26T13:30:00+01:00,USD,High Impact Expected,Unemployment Claims,218K,224K,222K,
2024-09-26T14:20:00+01:00,USD,High Impact Expected,Fed Chair Powell Speaks,,,,
2024-09-27T13:30:00+01:00,USD,High Impact Expected,Core PCE Price Index m/m,0.1%,0.2%,0.2%,
2024-09-30T18:55:00+01:00,USD,High Impact Expected,Fed Chair Powell Speaks,,,,
2024-10-01T15:00:00+01:00,USD,High Impact Expected,ISM Manufacturing PMI,47.2,47.6,47.2,
2024-10-01T15:00:00+01:00,USD,High Impact Expected,JOLTS Job Openings,8.04M,7.64M,7.71M,
2024-10-02T13:15:00+01:00,USD,High Impact Expected,ADP Non-Farm Employment Change,143K,124K,103K,
2024-10-03T13:30:00+01:00,USD,High Impact Expected,Unemployment Claims,225K,222K,219K,
2024-10-03T15:00:00+01:00,USD,High Impact Expected,ISM Services PMI,54.9,51.7,51.5,
2024-10-04T13:30:00+01:00,USD,High Impact Expected,Average Hourly Earnings m/m,0.4%,0.3%,0.5%,
2024-10-04T13:30:00+01:00,USD,High Impact Expected,Non-Farm Employment Change,254K,147K,159K,
2024-10-04T13:30:00+01:00,USD,High Impact Expected,Unemployment Rate,4.1%,4.2%,4.2%,
2024-10-09T19:00:00+01:00,USD,High Impact Expected,FOMC Meeting Minutes,,,,
2024-10-10T13:30:00+01:00,USD,High Impact Expected,Unemployment Claims,258K,231K,225K,
2024-10-10T13:30:00+01:00,USD,High Impact Expected,CPI y/y,2.4%,2.3%,2.5%,
2024-10-10T13:30:00+01:00,USD,High Impact Expected,CPI m/m,0.2%,0.1%,0.2%,
2024-10-10T13:30:00+01:00,USD,High Impact Expected,Core CPI m/m,0.3%,0.2%,0.3%,
2024-10-11T13:30:00+01:00,USD,High Impact Expected,Core PPI m/m,0.2%,0.2%,0.3%,
2024-10-11T13:30:00+01:00,USD,High Impact Expected,PPI m/m,0.0%,0.1%,0.2%,
2024-10-17T13:30:00+01:00,USD,High Impact Expected,Retail Sales m/m,0.4%,0.3%,0.1%,
2024-10-17T13:30:00+01:00,USD,High Impact Expected,Core Retail Sales m/m,0.5%,0.1%,0.2%,
2024-10-17T13:30:00+01:00,USD,High Impact Expected,Unemployment Claims,241K,241K,260K,
2024-10-24T13:30:00+01:00,USD,High Impact Expected,Unemployment Claims,227K,243K,242K,
2024-10-24T14:45:00+01:00,USD,High Impact Expected,Flash Manufacturing PMI,47.8,47.5,47.3,
2024-10-24T14:45:00+01:00,USD,High Impact Expected,Flash Services PMI,55.3,55.0,55.2,
2024-10-29T14:00:00+00:00,USD,High Impact Expected,CB Consumer Confidence,108.7,99.5,99.2,
2024-10-29T14:00:00+00:00,USD,High Impact Expected,JOLTS Job Openings,7.44M,7.98M,7.86M,
2024-10-30T12:15:00+00:00,USD,High Impact Expected,ADP Non-Farm Employment Change,233K,110K,159K,
2024-10-30T12:30:00+00:00,USD,High Impact Expected,Advance GDP q/q,2.8%,3.0%,3.0%,
2024-10-31T12:30:00+00:00,USD,High Impact Expected,Core PCE Price Index m/m,0.3%,0.3%,0.2%,
2024-10-31T12:30:00+00:00,USD,High Impact Expected,Employment Cost Index q/q,0.8%,0.9%,0.9%,
2024-10-31T12:30:00+00:00,USD,High Impact Expected,Unemployment Claims,216K,229K,228K,
2024-11-01T12:30:00+00:00,USD,High Impact Expected,Unemployment Rate,4.1%,4.1%,4.1%,
2024-11-01T12:30:00+00:00,USD,High Impact Expected,Average Hourly Earnings m/m,0.4%,0.3%,0.3%,
2024-11-01T12:30:00+00:00,USD,High Impact Expected,Non-Farm Employment Change,12K,106K,223K,
2024-11-01T14:00:00+00:00,USD,High Impact Expected,ISM Manufacturing PMI,46.5,47.6,47.2,
2024-11-05T15:00:00+00:00,USD,High Impact Expected,ISM Services PMI,56.0,53.8,54.9,
2024-11-05T23:59:59+00:00,USD,High Impact Expected,Presidential Election,,,,
2024-11-05T23:59:59+00:00,USD,High Impact Expected,Congressional Elections,,,,
2024-11-07T13:30:00+00:00,USD,High Impact Expected,Unemployment Claims,221K,223K,218K,
2024-11-07T19:00:00+00:00,USD,High Impact Expected,FOMC Statement,,,,
2024-11-07T19:00:00+00:00,USD,High Impact Expected,Federal Funds Rate,4.75%,4.75%,5.00%,
2024-11-07T19:30:00+00:00,USD,High Impact Expected,FOMC Press Conference,,,,
2024-11-13T13:30:00+00:00,USD,High Impact Expected,Core CPI m/m,0.3%,0.3%,0.3%,
2024-11-13T13:30:00+00:00,USD,High Impact Expected,CPI m/m,0.2%,0.2%,0.2%,
2024-11-13T13:30:00+00:00,USD,High Impact Expected,CPI y/y,2.6%,2.6%,2.4%,
2024-11-14T13:30:00+00:00,USD,High Impact Expected,PPI m/m,0.2%,0.2%,0.1%,
2024-11-14T13:30:00+00:00,USD,High Impact Expected,Unemployment Claims,217K,224K,221K,
2024-11-14T13:30:00+00:00,USD,High Impact Expected,Core PPI m/m,0.3%,0.3%,0.2%,
2024-11-14T20:00:00+00:00,USD,High Impact Expected,Fed Chair Powell Speaks,,,,
2024-11-15T13:30:00+00:00,USD,High Impact Expected,Core Retail Sales m/m,0.1%,0.3%,1.0%,
2024-11-15T13:30:00+00:00,USD,High Impact Expected,Retail Sales m/m,0.4%,0.3%,0.8%,
2024-11-21T13:30:00+00:00,USD,High Impact Expected,Unemployment Claims,213K,220K,219K,
2024-11-22T14:45:00+00:00,USD,High Impact Expected,Flash Manufacturing PMI,48.8,48.8,48.5,
2024-11-22T14:45:00+00:00,USD,High Impact Expected,Flash Services PMI,57.0,55.2,55.0,
2024-11-26T15:00:00+00:00,USD,High Impact Expected,CB Consumer Confidence,111.7,111.8,109.6,
2024-11-26T19:00:00+00:00,USD,High Impact Expected,FOMC Meeting Minutes,,,,
2024-11-27T13:30:00+00:00,USD,High Impact Expected,Unemployment Claims,213K,215K,215K,
2024-11-27T13:30:00+00:00,USD,High Impact Expected,Prelim GDP q/q,2.8%,2.8%,2.8%,
2024-11-27T15:00:00+00:00,USD,High Impact Expected,Core PCE Price Index m/m,0.3%,0.3%,0.3%,
2024-12-02T15:00:00+00:00,USD,High Impact Expected,ISM Manufacturing PMI,48.4,47.7,46.5,
2024-12-03T15:00:00+00:00,USD,High Impact Expected,JOLTS Job Openings,7.74M,7.51M,7.37M,
2024-12-04T13:15:00+00:00,USD,High Impact Expected,ADP Non-Farm Employment Change,146K,152K,184K,
2024-12-04T15:00:00+00:00,USD,High Impact Expected,ISM Services PMI,52.1,55.7,56.0,
2024-12-04T18:45:00+00:00,USD,High Impact Expected,Fed Chair Powell Speaks,,,,
2024-12-05T13:30:00+00:00,USD,High Impact Expected,Unemployment Claims,224K,215K,215K,
2024-12-06T13:30:00+00:00,USD,High Impact Expected,Average Hourly Earnings m/m,0.4%,0.3%,0.4%,
2024-12-06T13:30:00+00:00,USD,High Impact Expected,Non-Farm Employment Change,227K,218K,36K,
2024-12-06T13:30:00+00:00,USD,High Impact Expected,Unemployment Rate,4.2%,4.1%,4.1%,
2024-12-11T13:30:00+00:00,USD,High Impact Expected,Core CPI m/m,0.3%,0.3%,0.3%,
2024-12-11T13:30:00+00:00,USD,High Impact Expected,CPI m/m,0.3%,0.3%,0.2%,
2024-12-11T13:30:00+00:00,USD,High Impact Expected,CPI y/y,2.7%,2.7%,2.6%,
2024-12-12T13:30:00+00:00,USD,High Impact Expected,Core PPI m/m,0.2%,0.2%,0.3%,
2024-12-12T13:30:00+00:00,USD,High Impact Expected,PPI m/m,0.4%,0.2%,0.3%,
2024-12-12T13:30:00+00:00,USD,High Impact Expected,Unemployment Claims,242K,221K,225K,
2024-12-16T14:45:00+00:00,USD,High Impact Expected,Flash Manufacturing PMI,48.3,49.4,49.7,
2024-12-16T14:45:00+00:00,USD,High Impact Expected,Flash Services PMI,58.5,55.7,56.1,
2024-12-17T13:30:00+00:00,USD,High Impact Expected,Core Retail Sales m/m,0.2%,0.4%,0.2%,
2024-12-17T13:30:00+00:00,USD,High Impact Expected,Retail Sales m/m,0.7%,0.6%,0.5%,
2024-12-18T19:00:00+00:00,USD,High Impact Expected,FOMC Economic Projections,,,,
2024-12-18T19:00:00+00:00,USD,High Impact Expected,FOMC Statement,,,,
2024-12-18T19:00:00+00:00,USD,High Impact Expected,Federal Funds Rate,4.50%,4.50%,4.75%,
2024-12-18T19:30:00+00:00,USD,High Impact Expected,FOMC Press Conference,,,,
2024-12-19T13:30:00+00:00,USD,High Impact Expected,Unemployment Claims,220K,229K,242K,
2024-12-19T13:30:00+00:00,USD,High Impact Expected,Final GDP q/q,3.1%,2.8%,2.8%,
2024-12-20T13:30:00+00:00,USD,High Impact Expected,Core PCE Price Index m/m,0.1%,0.2%,0.3%,
2024-12-26T13:30:00+00:00,USD,High Impact Expected,Unemployment Claims,219K,223K,220K,
2025-01-02T13:30:00+00:00,USD,High Impact Expected,Unemployment Claims,211K,222K,220K,
2025-01-03T15:00:00+00:00,USD,High Impact Expected,ISM Manufacturing PMI,49.3,48.2,48.4,
2025-01-07T15:00:00+00:00,USD,High Impact Expected,ISM Services PMI,54.1,53.5,52.1,
2025-01-07T15:00:00+00:00,USD,High Impact Expected,JOLTS Job Openings,8.10M,7.73M,7.84M,
2025-01-08T13:15:00+00:00,USD,High Impact Expected,ADP Non-Farm Employment Change,122K,139K,146K,
2025-01-08T13:30:00+00:00,USD,High Impact Expected,Unemployment Claims,201K,214K,211K,
2025-01-08T19:00:00+00:00,USD,High Impact Expected,FOMC Meeting Minutes,,,,
2025-01-10T13:30:00+00:00,USD,High Impact Expected,Unemployment Rate,4.1%,4.2%,4.2%,
2025-01-10T13:30:00+00:00,USD,High Impact Expected,Non-Farm Employment Change,256K,164K,212K,
2025-01-10T13:30:00+00:00,USD,High Impact Expected,Average Hourly Earnings m/m,0.3%,0.3%,0.4%,
2025-01-14T13:30:00+00:00,USD,High Impact Expected,Core PPI m/m,0.0%,0.2%,0.2%,
2025-01-14T13:30:00+00:00,USD,High Impact Expected,PPI m/m,0.2%,0.4%,0.4%,
2025-01-15T13:30:00+00:00,USD,High Impact Expected,CPI y/y,2.9%,2.9%,2.7%,
2025-01-15T13:30:00+00:00,USD,High Impact Expected,CPI m/m,0.4%,0.4%,0.3%,
2025-01-15T13:30:00+00:00,USD,High Impact Expected,Core CPI m/m,0.2%,0.3%,0.3%,
2025-01-16T13:30:00+00:00,USD,High Impact Expected,Core Retail Sales m/m,0.4%,0.5%,0.2%,
2025-01-16T13:30:00+00:00,USD,High Impact Expected,Retail Sales m/m,0.4%,0.6%,0.8%,
2025-01-16T13:30:00+00:00,USD,High Impact Expected,Unemployment Claims,217K,210K,203K,
2025-01-20T17:00:00+00:00,USD,High Impact Expected,President Trump Speaks,,,,
2025-01-23T13:30:00+00:00,USD,High Impact Expected,Unemployment Claims,223K,221K,217K,
2025-01-23T16:00:00+00:00,USD,High Impact Expected,President Trump Speaks,,,,
2025-01-24T14:45:00+00:00,USD,High Impact Expected,Flash Services PMI,52.8,56.4,56.8,
2025-01-24T14:45:00+00:00,USD,High Impact Expected,Flash Manufacturing PMI,50.1,49.8,49.4,
2025-01-28T15:00:00+00:00,USD,High Impact Expected,CB Consumer Confidence,104.1,105.7,109.5,
2025-01-29T19:00:00+00:00,USD,High Impact Expected,Federal Funds Rate,4.50%,4.50%,4.50%,
2025-01-29T19:00:00+00:00,USD,High Impact Expected,FOMC Statement,,,,
2025-01-29T19:30:00+00:00,USD,High Impact Expected,FOMC Press Conference,,,,
2025-01-30T13:30:00+00:00,USD,High Impact Expected,Unemployment Claims,207K,224K,223K,
2025-01-30T13:30:00+00:00,USD,High Impact Expected,Advance GDP q/q,2.3%,2.7%,3.1%,
2025-01-31T13:30:00+00:00,USD,High Impact Expected,Core PCE Price Index m/m,0.2%,0.2%,0.1%,
2025-01-31T13:30:00+00:00,USD,High Impact Expected,Employment Cost Index q/q,0.9%,0.9%,0.8%,
2025-02-03T15:00:00+00:00,USD,High Impact Expected,ISM Manufacturing PMI,50.9,49.3,49.3,
2025-02-04T15:00:00+00:00,USD,High Impact Expected,JOLTS Job Openings,7.60M,8.01M,8.16M,
2025-02-04T22:10:00+00:00,USD,High Impact Expected,President Trump Speaks,,,,
2025-02-05T13:15:00+00:00,USD,High Impact Expected,ADP Non-Farm Employment Change,183K,148K,176K,
2025-02-05T15:00:00+00:00,USD,High Impact Expected,ISM Services PMI,52.8,54.2,54.1,
2025-02-06T13:30:00+00:00,USD,High Impact Expected,Unemployment Claims,219K,214K,208K,
2025-02-07T13:30:00+00:00,USD,High Impact Expected,Average Hourly Earnings m/m,0.5%,0.3%,0.3%,
2025-02-07T13:30:00+00:00,USD,High Impact Expected,Non-Farm Employment Change,143K,169K,307K,
2025-02-07T13:30:00+00:00,USD,High Impact Expected,Unemployment Rate,4.0%,4.1%,4.1%,
2025-02-10T21:30:00+00:00,USD,High Impact Expected,President Trump Speaks,,,,
2025-02-11T15:00:00+00:00,USD,High Impact Expected,Fed Chair Powell Testifies,,,,
2025-02-11T20:40:00+00:00,USD,High Impact Expected,President Trump Speaks,,,,
2025-02-12T13:30:00+00:00,USD,High Impact Expected,Core CPI m/m,0.4%,0.3%,0.2%,
2025-02-12T13:30:00+00:00,USD,High Impact Expected,CPI m/m,0.5%,0.3%,0.4%,
2025-02-12T13:30:00+00:00,USD,High Impact Expected,CPI y/y,3.0%,2.9%,2.9%,
2025-02-12T15:00:00+00:00,USD,High Impact Expected,Fed Chair Powell Testifies,,,,
2025-02-12T20:48:00+00:00,USD,High Impact Expected,President Trump Speaks,,,,
2025-02-13T13:30:00+00:00,USD,High Impact Expected,Core PPI m/m,0.3%,0.3%,0.4%,
2025-02-13T13:30:00+00:00,USD,High Impact Expected,PPI m/m,0.4%,0.3%,0.5%,
2025-02-13T13:30:00+00:00,USD,High Impact Expected,Unemployment Claims,213K,217K,220K,
2025-02-13T18:36:00+00:00,USD,High Impact Expected,President Trump Speaks,,,,
2025-02-14T13:30:00+00:00,USD,High Impact Expected,Core Retail Sales m/m,-0.4%,0.3%,0.7%,
2025-02-14T13:30:00+00:00,USD,High Impact Expected,Retail Sales m/m,-0.9%,-0.2%,0.7%,
2025-02-14T19:08:00+00:00,USD,High Impact Expected,President Trump Speaks,,,,
2025-02-18T21:13:00+00:00,USD,High Impact Expected,President Trump Speaks,,,,
2025-02-19T02:00:00+00:00,USD,High Impact Expected,President Trump Speaks,,,,
2025-02-19T19:00:00+00:00,USD,High Impact Expected,FOMC Meeting Minutes,,,,
2025-02-19T22:00:00+00:00,USD,High Impact Expected,President Trump Speaks,,,,
2025-02-20T13:30:00+00:00,USD,High Impact Expected,Unemployment Claims,219K,215K,214K,
2025-02-21T00:20:00+00:00,USD,High Impact Expected,President Trump Speaks,,,,
2025-02-21T14:45:00+00:00,USD,High Impact Expected,Flash Manufacturing PMI,51.6,51.3,51.2,
2025-02-21T14:45:00+00:00,USD,High Impact Expected,Flash Services PMI,49.7,53.0,52.9,
2025-02-21T20:56:00+00:00,USD,High Impact Expected,President Trump Speaks,,,,
2025-02-24T19:49:00+00:00,USD,High Impact Expected,President Trump Speaks,,,,
2025-02-25T20:59:00+00:00,USD,High Impact Expected,President Trump Speaks,,,,
2025-02-27T13:30:00+00:00,USD,High Impact Expected,Prelim GDP q/q,2.3%,2.3%,2.3%,
2025-02-27T13:30:00+00:00,USD,High Impact Expected,Unemployment Claims,242K,222K,220K,
2025-02-28T13:30:00+00:00,USD,High Impact Expected,Core PCE Price Index m/m,0.3%,0.3%,0.2%,
2025-02-28T17:15:00+00:00,USD,High Impact Expected,President Trump Speaks,,,,
2025-03-03T15:00:00+00:00,USD,High Impact Expected,ISM Manufacturing PMI,50.3,50.6,50.9,
2025-03-05T02:10:00+00:00,USD,High Impact Expected,President Trump Speaks,,,,
2025-03-05T13:15:00+00:00,USD,High Impact Expected,ADP Non-Farm Employment Change,77K,141K,186K,
2025-03-05T15:00:00+00:00,USD,High Impact Expected,ISM Services PMI,53.5,52.5,52.8,
2025-03-06T13:30:00+00:00,USD,High Impact Expected,Unemployment Claims,221K,234K,242K,
2025-03-07T13:30:00+00:00,USD,High Impact Expected,Average Hourly Earnings m/m,0.3%,0.3%,0.4%,
2025-03-07T13:30:00+00:00,USD,High Impact Expected,Non-Farm Employment Change,151K,159K,125K,
2025-03-07T13:30:00+00:00,USD,High Impact Expected,Unemployment Rate,4.1%,4.0%,4.0%,
2025-03-07T17:30:00+00:00,USD,High Impact Expected,Fed Chair Powell Speaks,,,,
2025-03-11T14:00:00+00:00,USD,High Impact Expected,JOLTS Job Openings,7.74M,7.65M,7.51M,
2025-03-12T12:30:00+00:00,USD,High Impact Expected,Core CPI m/m,0.2%,0.3%,0.4%,
2025-03-12T12:30:00+00:00,USD,High Impact Expected,CPI m/m,0.2%,0.3%,0.5%,
2025-03-12T12:30:00+00:00,USD,High Impact Expected,CPI y/y,2.8%,2.9%,3.0%,
2025-03-13T12:30:00+00:00,USD,High Impact Expected,Unemployment Claims,220K,226K,222K,
2025-03-13T12:30:00+00:00,USD,High Impact Expected,PPI m/m,0.0%,0.3%,0.6%,
2025-03-13T12:30:00+00:00,USD,High Impact Expected,Core PPI m/m,-0.1%,0.3%,0.5%,
2025-03-14T14:00:00+00:00,USD,High Impact Expected,Prelim UoM Consumer Sentiment,57.9,63.1,64.7,
2025-03-14T14:00:00+00:00,USD,High Impact Expected,Prelim UoM Inflation Expectations,4.9%,,4.3%,
2025-03-17T12:30:00+00:00,USD,High Impact Expected,Core Retail Sales m/m,0.3%,0.3%,-0.6%,
2025-03-17T12:30:00+00:00,USD,High Impact Expected,Retail Sales m/m,0.2%,0.6%,-1.2%,
2025-03-19T18:00:00+00:00,USD,High Impact Expected,Federal Funds Rate,4.50%,4.50%,4.50%,
2025-03-19T18:00:00+00:00,USD,High Impact Expected,FOMC Economic Projections,,,,
2025-03-19T18:00:00+00:00,USD,High Impact Expected,FOMC Statement,,,,
2025-03-19T18:30:00+00:00,USD,High Impact Expected,FOMC Press Conference,,,,
2025-03-20T12:30:00+00:00,USD,High Impact Expected,Unemployment Claims,223K,224K,221K,
2025-03-24T13:45:00+00:00,USD,High Impact Expected,Flash Manufacturing PMI,49.8,51.9,52.7,
2025-03-24T13:45:00+00:00,USD,High Impact Expected,Flash Services PMI,54.3,51.2,51.0,
2025-03-26T20:00:00+00:00,USD,High Impact Expected,President Trump Speaks,,,,
2025-03-27T12:30:00+00:00,USD,High Impact Expected,Unemployment Claims,224K,225K,225K,
2025-03-27T12:30:00+00:00,USD,High Impact Expected,Final GDP q/q,2.4%,2.3%,2.3%,
2025-03-28T12:30:00+00:00,USD,High Impact Expected,Core PCE Price Index m/m,0.4%,0.3%,0.3%,
2025-04-01T15:00:00+01:00,USD,High Impact Expected,JOLTS Job Openings,7.57M,7.69M,7.76M,
2025-04-01T15:00:00+01:00,USD,High Impact Expected,ISM Manufacturing PMI,49.0,49.5,50.3,
2025-04-02T13:15:00+01:00,USD,High Impact Expected,ADP Non-Farm Employment Change,155K,118K,84K,
2025-04-02T21:00:00+01:00,USD,High Impact Expected,President Trump Speaks,,,,
2025-04-03T13:30:00+01:00,USD,High Impact Expected,Unemployment Claims,219K,225K,225K,
2025-04-03T15:00:00+01:00,USD,High Impact Expected,ISM Services PMI,50.8,53.0,53.5,
2025-04-04T13:30:00+01:00,USD,High Impact Expected,Average Hourly Earnings m/m,0.3%,0.3%,0.2%,
2025-04-04T13:30:00+01:00,USD,High Impact Expected,Non-Farm Employment Change,228K,137K,117K,
2025-04-04T13:30:00+01:00,USD,High Impact Expected,Unemployment Rate,4.2%,4.1%,4.1%,
2025-04-04T16:25:00+01:00,USD,High Impact Expected,Fed Chair Powell Speaks,,,,
2025-04-09T19:00:00+01:00,USD,High Impact Expected,FOMC Meeting Minutes,,,,
2025-04-10T13:30:00+01:00,USD,High Impact Expected,Unemployment Claims,223K,223K,219K,
2025-04-10T13:30:00+01:00,USD,High Impact Expected,CPI y/y,2.4%,2.5%,2.8%,
2025-04-10T13:30:00+01:00,USD,High Impact Expected,CPI m/m,-0.1%,0.1%,0.2%,
2025-04-10T13:30:00+01:00,USD,High Impact Expected,Core CPI m/m,0.1%,0.3%,0.2%,
2025-04-11T13:30:00+01:00,USD,High Impact Expected,Core PPI m/m,-0.1%,0.3%,0.1%,
2025-04-11T13:30:00+01:00,USD,High Impact Expected,PPI m/m,-0.4%,0.2%,0.1%,
2025-04-11T15:00:00+01:00,USD,High Impact Expected,Prelim UoM Consumer Sentiment,50.8,54.0,57.0,
2025-04-11T15:00:00+01:00,USD,High Impact Expected,Prelim UoM Inflation Expectations,6.7%,,5.0%,
2025-04-16T13:30:00+01:00,USD,High Impact Expected,Core Retail Sales m/m,0.5%,0.4%,0.7%,
2025-04-16T13:30:00+01:00,USD,High Impact Expected,Retail Sales m/m,1.4%,1.3%,0.2%,
2025-04-16T18:30:00+01:00,USD,High Impact Expected,Fed Chair Powell Speaks,,,,
2025-04-17T13:30:00+01:00,USD,High Impact Expected,Unemployment Claims,215K,225K,224K,
2025-04-23T14:45:00+01:00,USD,High Impact Expected,Flash Manufacturing PMI,50.7,49.0,50.2,
2025-04-23T14:45:00+01:00,USD,High Impact Expected,Flash Services PMI,51.4,52.8,54.4,
2025-04-24T13:30:00+01:00,USD,High Impact Expected,Unemployment Claims,222K,222K,216K,
2025-04-29T15:00:00+01:00,USD,High Impact Expected,JOLTS Job Openings,7.19M,7.49M,7.48M,
2025-04-30T13:15:00+01:00,USD,High Impact Expected,ADP Non-Farm Employment Change,62K,114K,147K,
2025-04-30T13:30:00+01:00,USD,High Impact Expected,Advance GDP q/q,-0.3%,0.2%,2.4%,
2025-04-30T13:30:00+01:00,USD,High Impact Expected,Employment Cost Index q/q,0.9%,0.9%,0.9%,
2025-04-30T15:00:00+01:00,USD,High Impact Expected,Core PCE Price Index m/m,0.0%,0.1%,0.5%,
2025-05-01T13:30:00+01:00,USD,High Impact Expected,Unemployment Claims,241K,224K,223K,
2025-05-01T15:00:00+01:00,USD,High Impact Expected,ISM Manufacturing PMI,48.7,48.0,49.0,
2025-05-02T13:30:00+01:00,USD,High Impact Expected,Average Hourly Earnings m/m,0.2%,0.3%,0.3%,
2025-05-02T13:30:00+01:00,USD,High Impact Expected,Non-Farm Employment Change,177K,138K,185K,
2025-05-02T13:30:00+01:00,USD,High Impact Expected,Unemployment Rate,4.2%,4.2%,4.2%,
2025-05-05T15:00:00+01:00,USD,High Impact Expected,ISM Services PMI,51.6,50.2,50.8,
2025-05-07T19:00:00+01:00,USD,High Impact Expected,Federal Funds Rate,4.50%,4.50%,4.50%,
2025-05-07T19:00:00+01:00,USD,High Impact Expected,FOMC Statement,,,,
2025-05-07T19:30:00+01:00,USD,High Impact Expected,FOMC Press Conference,,,,
2025-05-08T13:30:00+01:00,USD,High Impact Expected,Unemployment Claims,228K,231K,241K,
2025-05-08T15:00:00+01:00,USD,High Impact Expected,President Trump Speaks,,,,
2025-05-13T13:30:00+01:00,USD,High Impact Expected,Core CPI m/m,0.2%,0.3%,0.1%,
2025-05-13T13:30:00+01:00,USD,High Impact Expected,CPI m/m,0.2%,0.3%,-0.1%,
2025-05-13T13:30:00+01:00,USD,High Impact Expected,CPI y/y,2.3%,2.4%,2.4%,
2025-05-15T13:30:00+01:00,USD,High Impact Expected,Retail Sales m/m,0.1%,0.0%,1.7%,
2025-05-15T13:30:00+01:00,USD,High Impact Expected,PPI m/m,-0.5%,0.2%,0.0%,
2025-05-15T13:30:00+01:00,USD,High Impact Expected,Unemployment Claims,229K,229K,229K,
2025-05-15T13:30:00+01:00,USD,High Impact Expected,Core PPI m/m,-0.4%,0.3%,0.4%,
2025-05-15T13:30:00+01:00,USD,High Impact Expected,Core Retail Sales m/m,0.1%,0.3%,0.8%,
2025-05-15T13:40:00+01:00,USD,High Impact Expected,Fed Chair Powell Speaks,,,,
2025-05-16T15:00:00+01:00,USD,High Impact Expected,Prelim UoM Consumer Sentiment,50.8,53.1,52.2,
2025-05-16T15:00:00+01:00,USD,High Impact Expected,Prelim UoM Inflation Expectations,7.3%,,6.5%,
2025-05-22T13:30:00+01:00,USD,High Impact Expected,Unemployment Claims,227K,230K,229K,
2025-05-22T14:45:00+01:00,USD,High Impact Expected,Flash Services PMI,52.3,51.0,50.8,
2025-05-22T14:45:00+01:00,USD,High Impact Expected,Flash Manufacturing PMI,52.3,49.9,50.2,
2025-05-28T19:00:00+01:00,USD,High Impact Expected,FOMC Meeting Minutes,,,,
2025-05-29T13:30:00+01:00,USD,High Impact Expected,Prelim GDP q/q,-0.2%,-0.3%,-0.3%,
2025-05-29T13:30:00+01:00,USD,High Impact Expected,Unemployment Claims,240K,229K,226K,
2025-05-30T13:30:00+01:00,USD,High Impact Expected,Core PCE Price Index m/m,0.1%,0.1%,0.1%,
2025-06-02T15:00:00+01:00,USD,High Impact Expected,ISM Manufacturing PMI,48.5,49.3,48.7,
2025-06-02T18:00:00+01:00,USD,High Impact Expected,Fed Chair Powell Speaks,,,,
2025-06-03T15:00:00+01:00,USD,High Impact Expected,JOLTS Job Openings,7.39M,7.11M,7.20M,
2025-06-04T13:15:00+01:00,USD,High Impact Expected,ADP Non-Farm Employment Change,37K,111K,60K,
2025-06-04T15:00:00+01:00,USD,High Impact Expected,ISM Services PMI,49.9,52.0,51.6,
2025-06-05T13:30:00+01:00,USD,High Impact Expected,Unemployment Claims,247K,236K,239K,
2025-06-06T13:30:00+01:00,USD,High Impact Expected,Unemployment Rate,4.2%,4.2%,4.2%,
2025-06-06T13:30:00+01:00,USD,High Impact Expected,Non-Farm Employment Change,139K,126K,147K,
2025-06-06T13:30:00+01:00,USD,High Impact Expected,Average Hourly Earnings m/m,0.4%,0.3%,0.2%,
2025-06-11T13:30:00+01:00,USD,High Impact Expected,Core CPI m/m,0.1%,0.3%,0.2%,
2025-06-11T13:30:00+01:00,USD,High Impact Expected,CPI m/m,0.1%,0.2%,0.2%,
2025-06-11T13:30:00+01:00,USD,High Impact Expected,CPI y/y,2.4%,2.5%,2.3%,
2025-06-12T13:30:00+01:00,USD,High Impact Expected,PPI m/m,0.1%,0.2%,-0.2%,
2025-06-12T13:30:00+01:00,USD,High Impact Expected,Unemployment Claims,248K,242K,248K,
2025-06-12T13:30:00+01:00,USD,High Impact Expected,Core PPI m/m,0.1%,0.3%,-0.2%,
2025-06-13T15:00:00+01:00,USD,High Impact Expected,Prelim UoM Consumer Sentiment,60.5,53.5,52.2,
2025-06-13T15:00:00+01:00,USD,High Impact Expected,Prelim UoM Inflation Expectations,5.1%,,6.6%,
2025-06-17T13:30:00+01:00,USD,High Impact Expected,Retail Sales m/m,-0.9%,-0.5%,-0.1%,
2025-06-17T13:30:00+01:00,USD,High Impact Expected,Core Retail Sales m/m,-0.3%,0.2%,0.0%,
2025-06-18T13:30:00+01:00,USD,High Impact Expected,Unemployment Claims,245K,246K,250K,
2025-06-18T19:00:00+01:00,USD,High Impact Expected,Federal Funds Rate,4.50%,4.50%,4.50%,
2025-06-18T19:00:00+01:00,USD,High Impact Expected,FOMC Economic Projections,,,,
2025-06-18T19:00:00+01:00,USD,High Impact Expected,FOMC Statement,,,,
2025-06-18T19:30:00+01:00,USD,High Impact Expected,FOMC Press Conference,,,,
2025-06-22T03:00:00+01:00,USD,High Impact Expected,President Trump Speaks,,,,
2025-06-23T14:45:00+01:00,USD,High Impact Expected,Flash Manufacturing PMI,52.0,51.1,52.0,
2025-06-23T14:45:00+01:00,USD,High Impact Expected,Flash Services PMI,53.1,52.9,53.7,
2025-06-24T15:00:00+01:00,USD,High Impact Expected,Fed Chair Powell Testifies,,,,
2025-06-25T15:00:00+01:00,USD,High Impact Expected,Fed Chair Powell Testifies,,,,
2025-06-26T13:30:00+01:00,USD,High Impact Expected,Final GDP q/q,-0.5%,-0.2%,-0.2%,
2025-06-26T13:30:00+01:00,USD,High Impact Expected,Unemployment Claims,236K,244K,246K,
2025-06-27T13:30:00+01:00,USD,High Impact Expected,Core PCE Price Index m/m,0.2%,0.1%,0.1%,
2025-07-01T14:30:00+01:00,USD,High Impact Expected,Fed Chair Powell Speaks,,,,
2025-07-01T15:00:00+01:00,USD,High Impact Expected,ISM Manufacturing PMI,49.0,48.8,48.5,
2025-07-01T15:00:00+01:00,USD,High Impact Expected,JOLTS Job Openings,7.77M,7.32M,7.40M,
2025-07-02T13:15:00+01:00,USD,High Impact Expected,ADP Non-Farm Employment Change,-33K,99K,29K,
2025-07-03T13:30:00+01:00,USD,High Impact Expected,Average Hourly Earnings m/m,0.2%,0.3%,0.4%,
2025-07-03T13:30:00+01:00,USD,High Impact Expected,Non-Farm Employment Change,147K,111K,144K,
2025-07-03T13:30:00+01:00,USD,High Impact Expected,Unemployment Rate,4.1%,4.3%,4.2%,
2025-07-03T15:00:00+01:00,USD,High Impact Expected,ISM Services PMI,50.8,50.8,49.9,
2025-07-09T19:00:00+01:00,USD,High Impact Expected,FOMC Meeting Minutes,,,,
2025-07-10T13:30:00+01:00,USD,High Impact Expected,Unemployment Claims,227K,236K,232K,
2025-07-15T13:30:00+01:00,USD,High Impact Expected,Core CPI m/m,0.2%,0.3%,0.1%,
2025-07-15T13:30:00+01:00,USD,High Impact Expected,CPI m/m,0.3%,0.3%,0.1%,
2025-07-15T13:30:00+01:00,USD,High Impact Expected,CPI y/y,2.7%,2.6%,2.4%,
2025-07-16T13:30:00+01:00,USD,High Impact Expected,Core PPI m/m,0.0%,0.2%,0.4%,
2025-07-16T13:30:00+01:00,USD,High Impact Expected,PPI m/m,0.0%,0.2%,0.3%,
2025-07-17T13:30:00+01:00,USD,High Impact Expected,Core Retail Sales m/m,0.5%,0.3%,-0.2%,
2025-07-17T13:30:00+01:00,USD,High Impact Expected,Retail Sales m/m,0.6%,0.1%,-0.9%,
2025-07-17T13:30:00+01:00,USD,High Impact Expected,Unemployment Claims,221K,233K,228K,
2025-07-24T13:30:00+01:00,USD,High Impact Expected,Unemployment Claims,217K,227K,221K,
2025-07-24T14:45:00+01:00,USD,High Impact Expected,Flash Services PMI,55.2,53.0,52.9,
2025-07-24T14:45:00+01:00,USD,High Impact Expected,Flash Manufacturing PMI,49.5,52.7,52.9,
2025-07-29T15:00:00+01:00,USD,High Impact Expected,JOLTS Job Openings,7.44M,7.51M,7.71M,
2025-07-30T13:15:00+01:00,USD,High Impact Expected,ADP Non-Farm Employment Change,104K,77K,-23K,
2025-07-30T13:30:00+01:00,USD,High Impact Expected,Advance GDP q/q,3.0%,2.5%,-0.5%,
2025-07-30T19:00:00+01:00,USD,High Impact Expected,Federal Funds Rate,4.50%,4.50%,4.50%,
2025-07-30T19:00:00+01:00,USD,High Impact Expected,FOMC Statement,,,,
2025-07-30T19:30:00+01:00,USD,High Impact Expected,FOMC Press Conference,,,,
2025-07-31T13:30:00+01:00,USD,High Impact Expected,Core PCE Price Index m/m,0.3%,0.3%,0.2%,
2025-07-31T13:30:00+01:00,USD,High Impact Expected,Employment Cost Index q/q,0.9%,0.8%,0.9%,
2025-07-31T13:30:00+01:00,USD,High Impact Expected,Unemployment Claims,218K,222K,217K,
2025-08-01T13:30:00+01:00,USD,High Impact Expected,Unemployment Rate,4.2%,4.2%,4.1%,
2025-08-01T13:30:00+01:00,USD,High Impact Expected,Average Hourly Earnings m/m,0.3%,0.3%,0.2%,
2025-08-01T13:30:00+01:00,USD,High Impact Expected,Non-Farm Employment Change,73K,106K,14K,
2025-08-01T15:00:00+01:00,USD,High Impact Expected,ISM Manufacturing PMI,48.0,49.5,49.0,
2025-08-05T15:00:00+01:00,USD,High Impact Expected,ISM Services PMI,50.1,51.5,50.8,
2025-08-07T13:30:00+01:00,USD,High Impact Expected,Unemployment Claims,226K,221K,219K,
2025-08-12T13:30:00+01:00,USD,High Impact Expected,CPI y/y,2.7%,2.8%,2.7%,
2025-08-12T13:30:00+01:00,USD,High Impact Expected,CPI m/m,0.2%,0.2%,0.3%,
2025-08-12T13:30:00+01:00,USD,High Impact Expected,Core CPI m/m,0.3%,0.3%,0.2%,
2025-08-14T13:30:00+01:00,USD,High Impact Expected,Core PPI m/m,0.9%,0.2%,0.0%,
2025-08-14T13:30:00+01:00,USD,High Impact Expected,PPI m/m,0.9%,0.2%,0.0%,
2025-08-14T13:30:00+01:00,USD,High Impact Expected,Unemployment Claims,224K,225K,227K,
2025-08-15T13:30:00+01:00,USD,High Impact Expected,Retail Sales m/m,0.5%,0.6%,0.9%,
2025-08-15T13:30:00+01:00,USD,High Impact Expected,Core Retail Sales m/m,0.3%,0.3%,0.8%,
2025-08-15T15:00:00+01:00,USD,High Impact Expected,Prelim UoM Consumer Sentiment,58.6,61.9,61.7,
2025-08-15T15:00:00+01:00,USD,High Impact Expected,Prelim UoM Inflation Expectations,4.9%,,4.5%,
2025-08-15T23:55:00+01:00,USD,High Impact Expected,President Trump Speaks,,,,
2025-08-20T19:00:00+01:00,USD,High Impact Expected,FOMC Meeting Minutes,,,,
2025-08-21T13:30:00+01:00,USD,High Impact Expected,Unemployment Claims,235K,226K,224K,
2025-08-21T14:45:00+01:00,USD,High Impact Expected,Flash Manufacturing PMI,53.3,49.7,49.8,
2025-08-21T14:45:00+01:00,USD,High Impact Expected,Flash Services PMI,55.4,54.2,55.7,
2025-08-22T15:00:00+01:00,USD,High Impact Expected,Fed Chair Powell Speaks,,,,
2025-08-22T18:05:00+01:00,USD,High Impact Expected,President Trump Speaks,,,,
2025-08-28T13:30:00+01:00,USD,High Impact Expected,Prelim GDP q/q,3.3%,3.1%,3.0%,
2025-08-28T13:30:00+01:00,USD,High Impact Expected,Unemployment Claims,229K,231K,234K,
2025-08-29T13:30:00+01:00,USD,High Impact Expected,Core PCE Price Index m/m,0.3%,0.3%,0.3%,
2025-09-02T15:00:00+01:00,USD,High Impact Expected,ISM Manufacturing PMI,48.7,49.0,48.0,
2025-09-03T15:00:00+01:00,USD,High Impact Expected,JOLTS Job Openings,7.18M,7.38M,7.36M,
2025-09-04T13:15:00+01:00,USD,High Impact Expected,ADP Non-Farm Employment Change,54K,73K,106K,
2025-09-04T13:30:00+01:00,USD,High Impact Expected,Unemployment Claims,237K,230K,229K,
2025-09-04T15:00:00+01:00,USD,High Impact Expected,ISM Services PMI,52.0,50.9,50.1,
2025-09-05T13:30:00+01:00,USD,High Impact Expected,Unemployment Rate,4.3%,4.3%,4.2%,
2025-09-05T13:30:00+01:00,USD,High Impact Expected,Non-Farm Employment Change,22K,75K,79K,
2025-09-05T13:30:00+01:00,USD,High Impact Expected,Average Hourly Earnings m/m,0.3%,0.3%,0.3%,
2025-09-09T15:00:00+01:00,USD,High Impact Expected,Prelim Benchmark Payrolls Revision,-911K,,-818K,
2025-09-10T13:30:00+01:00,USD,High Impact Expected,Core PPI m/m,-0.1%,0.3%,0.7%,
2025-09-10T13:30:00+01:00,USD,High Impact Expected,PPI m/m,-0.1%,0.3%,0.7%,
2025-09-11T13:30:00+01:00,USD,High Impact Expected,Unemployment Claims,263K,235K,236K,
2025-09-11T13:30:00+01:00,USD,High Impact Expected,CPI y/y,2.9%,2.9%,2.7%,
2025-09-11T13:30:00+01:00,USD,High Impact Expected,CPI m/m,0.4%,0.3%,0.2%,
2025-09-11T13:30:00+01:00,USD,High Impact Expected,Core CPI m/m,0.3%,0.3%,0.3%,
2025-09-12T15:00:00+01:00,USD,High Impact Expected,Prelim UoM Consumer Sentiment,55.4,58.2,58.2,
2025-09-12T15:00:00+01:00,USD,High Impact Expected,Prelim UoM Inflation Expectations,4.8%,,4.8%,
2025-09-16T13:30:00+01:00,USD,High Impact Expected,Core Retail Sales m/m,0.7%,0.4%,0.4%,
2025-09-16T13:30:00+01:00,USD,High Impact Expected,Retail Sales m/m,0.6%,0.2%,0.6%,
2025-09-17T19:00:00+01:00,USD,High Impact Expected,FOMC Statement,,,,
2025-09-17T19:00:00+01:00,USD,High Impact Expected,FOMC Economic Projections,,,,
2025-09-17T19:00:00+01:00,USD,High Impact Expected,Federal Funds Rate,4.25%,4.25%,4.50%,
2025-09-17T19:30:00+01:00,USD,High Impact Expected,FOMC Press Conference,,,,
2025-09-18T13:30:00+01:00,USD,High Impact Expected,Unemployment Claims,231K,241K,264K,
2025-09-23T14:45:00+01:00,USD,High Impact Expected,Flash Services PMI,53.9,54.0,54.5,
2025-09-23T14:45:00+01:00,USD,High Impact Expected,Flash Manufacturing PMI,52.0,52.2,53.0,
2025-09-23T17:35:00+01:00,USD,High Impact Expected,Fed Chair Powell Speaks,,,,
2025-09-25T13:30:00+01:00,USD,High Impact Expected,Unemployment Claims,218K,233K,232K,
2025-09-25T13:30:00+01:00,USD,High Impact Expected,Final GDP q/q,3.8%,3.3%,3.3%,
2025-09-26T13:30:00+01:00,USD,High Impact Expected,Core PCE Price Index m/m,0.2%,0.2%,0.2%,
2025-09-30T15:00:00+01:00,USD,High Impact Expected,JOLTS Job Openings,7.23M,7.19M,7.21M,
2025-10-01T13:15:00+01:00,USD,High Impact Expected,ADP Non-Farm Employment Change,-32K,52K,-3K,
2025-10-01T15:00:00+01:00,USD,High Impact Expected,ISM Manufacturing PMI,49.1,49.0,48.7,
2025-10-03T15:00:00+01:00,USD,High Impact Expected,ISM Services PMI,50.0,51.8,52.0,
2025-10-08T19:00:00+01:00,USD,High Impact Expected,FOMC Meeting Minutes,,,,
2025-10-10T15:00:00+01:00,USD,High Impact Expected,Prelim UoM Consumer Sentiment,55.0,54.1,55.1,
2025-10-10T15:00:00+01:00,USD,High Impact Expected,Prelim UoM Inflation Expectations,4.6%,,4.7%,
2025-10-14T17:20:00+01:00,USD,High Impact Expected,Fed Chair Powell Speaks,,,,
2025-10-24T13:30:00+01:00,USD,High Impact Expected,Core CPI m/m,0.2%,0.3%,0.3%,
2025-10-24T13:30:00+01:00,USD,High Impact Expected,CPI m/m,0.3%,0.4%,0.4%,
2025-10-24T13:30:00+01:00,USD,High Impact Expected,CPI y/y,3.0%,3.1%,2.9%,
2025-10-24T14:45:00+01:00,USD,High Impact Expected,Flash Manufacturing PMI,52.2,51.9,52.0,
2025-10-24T14:45:00+01:00,USD,High Impact Expected,Flash Services PMI,55.2,53.5,54.2,
2025-10-29T18:00:00+00:00,USD,High Impact Expected,Federal Funds Rate,4.00%,4.00%,4.25%,
2025-10-29T18:00:00+00:00,USD,High Impact Expected,FOMC Statement,,,,
2025-10-29T18:30:00+00:00,USD,High Impact Expected,FOMC Press Conference,,,,
2025-11-03T15:00:00+00:00,USD,High Impact Expected,ISM Manufacturing PMI,48.7,49.4,49.1,
2025-11-05T13:15:00+00:00,USD,High Impact Expected,ADP Non-Farm Employment Change,42K,32K,-29K,
2025-11-05T15:00:00+00:00,USD,High Impact Expected,ISM Services PMI,52.4,50.7,50.0,
2025-11-18T08:10:00+00:00,USD,High Impact Expected,Unemployment Claims,232K,,220K,
2025-11-19T19:00:00+00:00,USD,High Impact Expected,FOMC Meeting Minutes,,,,
2025-11-20T13:30:00+00:00,USD,High Impact Expected,Average Hourly Earnings m/m,0.2%,0.3%,0.4%,
2025-11-20T13:30:00+00:00,USD,High Impact Expected,Non-Farm Employment Change,119K,53K,-4K,
2025-11-20T13:30:00+00:00,USD,High Impact Expected,Unemployment Claims,220K,227K,228K,
2025-11-20T13:30:00+00:00,USD,High Impact Expected,Unemployment Rate,4.4%,4.3%,4.3%,
2025-11-21T14:45:00+00:00,USD,High Impact Expected,Flash Manufacturing PMI,51.9,52.0,52.5,
2025-11-21T14:45:00+00:00,USD,High Impact Expected,Flash Services PMI,55.0,54.6,54.8,
2025-11-25T13:30:00+00:00,USD,High Impact Expected,Core PPI m/m,0.1%,0.2%,-0.1%,
2025-11-25T13:30:00+00:00,USD,High Impact Expected,Core Retail Sales m/m,0.3%,0.3%,0.6%,
2025-11-25T13:30:00+00:00,USD,High Impact Expected,PPI m/m,0.3%,0.3%,-0.1%,
2025-11-25T13:30:00+00:00,USD,High Impact Expected,Retail Sales m/m,0.2%,0.4%,0.6%,
2025-11-26T13:30:00+00:00,USD,High Impact Expected,Unemployment Claims,216K,226K,222K,
2025-12-01T15:00:00+00:00,USD,High Impact Expected,ISM Manufacturing PMI,48.2,49.0,48.7,
2025-12-03T13:15:00+00:00,USD,High Impact Expected,ADP Non-Farm Employment Change,-32K,5K,47K,
2025-12-03T15:00:00+00:00,USD,High Impact Expected,ISM Services PMI,52.6,52.0,52.4,
2025-12-04T13:30:00+00:00,USD,High Impact Expected,Unemployment Claims,191K,219K,218K,
2025-12-05T15:00:00+00:00,USD,High Impact Expected,Core PCE Price Index m/m,0.2%,0.2%,0.2%,
2025-12-05T15:00:00+00:00,USD,High Impact Expected,Prelim UoM Consumer Sentiment,53.3,52.0,51.0,
2025-12-05T15:00:00+00:00,USD,High Impact Expected,Prelim UoM Inflation Expectations,4.1%,,4.5%,
2025-12-09T13:15:00+00:00,USD,High Impact Expected,ADP Weekly Employment Change,4.8K,,-8.0K,
2025-12-09T15:00:00+00:00,USD,High Impact Expected,JOLTS Job Openings,7.67M,7.14M,7.66M,
2025-12-10T13:30:00+00:00,USD,High Impact Expected,Employment Cost Index q/q,0.8%,0.9%,0.9%,
2025-12-10T19:00:00+00:00,USD,High Impact Expected,Federal Funds Rate,3.75%,3.75%,4.00%,
2025-12-10T19:00:00+00:00,USD,High Impact Expected,FOMC Economic Projections,,,,
2025-12-10T19:00:00+00:00,USD,High Impact Expected,FOMC Statement,,,,
2025-12-10T19:30:00+00:00,USD,High Impact Expected,FOMC Press Conference,,,,
2025-12-11T13:30:00+00:00,USD,High Impact Expected,Unemployment Claims,236K,220K,192K,
2025-12-16T13:15:00+00:00,USD,High Impact Expected,ADP Weekly Employment Change,16.3K,,2.8K,
2025-12-16T13:30:00+00:00,USD,High Impact Expected,Unemployment Rate,4.6%,4.5%,4.4%,
2025-12-16T13:30:00+00:00,USD,High Impact Expected,Retail Sales m/m,0.0%,0.1%,0.1%,
2025-12-16T13:30:00+00:00,USD,High Impact Expected,Core Retail Sales m/m,0.4%,0.2%,0.1%,
2025-12-16T13:30:00+00:00,USD,High Impact Expected,Average Hourly Earnings m/m,0.1%,0.3%,0.4%,
2025-12-16T13:30:00+00:00,USD,High Impact Expected,Non-Farm Employment Change,64K,51K,-105K,
2025-12-16T14:45:00+00:00,USD,High Impact Expected,Flash Manufacturing PMI,51.8,52.0,52.2,
2025-12-16T14:45:00+00:00,USD,High Impact Expected,Flash Services PMI,52.9,54.0,54.1,
2025-12-18T13:30:00+00:00,USD,High Impact Expected,CPI y/y,2.7%,3.1%,3.0%,
2025-12-18T13:30:00+00:00,USD,High Impact Expected,Unemployment Claims,224K,224K,237K,
2025-12-23T13:30:00+00:00,USD,High Impact Expected,Prelim GDP q/q,4.3%,3.3%,3.8%,
2025-12-24T13:30:00+00:00,USD,High Impact Expected,Unemployment Claims,214K,224K,224K,
2025-12-30T19:00:00+00:00,USD,High Impact Expected,FOMC Meeting Minutes,,,,
2025-12-31T13:30:00+00:00,USD,High Impact Expected,Unemployment Claims,199K,219K,215K,
2026-01-05T15:00:00+00:00,USD,High Impact Expected,ISM Manufacturing PMI,47.9,48.3,48.2,
2026-01-07T13:15:00+00:00,USD,High Impact Expected,ADP Non-Farm Employment Change,41K,49K,-29K,
2026-01-07T15:00:00+00:00,USD,High Impact Expected,ISM Services PMI,54.4,52.2,52.6,
2026-01-07T15:00:00+00:00,USD,High Impact Expected,JOLTS Job Openings,7.15M,7.61M,7.45M,
2026-01-08T13:30:00+00:00,USD,High Impact Expected,Unemployment Claims,208K,213K,200K,
2026-01-09T13:30:00+00:00,USD,High Impact Expected,Unemployment Rate,,4.5%,4.6%,
2026-01-09T13:30:00+00:00,USD,High Impact Expected,Non-Farm Employment Change,,66K,64K,
2026-01-09T13:30:00+00:00,USD,High Impact Expected,Average Hourly Earnings m/m,,0.3%,0.1%,
2026-01-09T15:00:00+00:00,USD,High Impact Expected,Prelim UoM Consumer Sentiment,,53.5,52.9,
2026-01-09T15:00:00+00:00,USD,High Impact Expected,Prelim UoM Inflation Expectations,,,4.2%,
2026-01-13T13:30:00+00:00,USD,High Impact Expected,Core CPI m/m,,,0.2%,
2026-01-13T13:30:00+00:00,USD,High Impact Expected,CPI m/m,,,0.3%,
2026-01-13T13:30:00+00:00,USD,High Impact Expected,CPI y/y,,,2.7%,
2026-01-14T13:30:00+00:00,USD,High Impact Expected,Retail Sales m/m,,,0.0%,
2026-01-14T13:30:00+00:00,USD,High Impact Expected,PPI m/m,,,,
2026-01-14T13:30:00+00:00,USD,High Impact Expected,Core Retail Sales m/m,,,0.4%,
2026-01-14T13:30:00+00:00,USD,High Impact Expected,Core PPI m/m,,,,
2026-01-15T13:30:00+00:00,USD,High Impact Expected,Unemployment Claims,,,,
2026-01-22T13:30:00+00:00,USD,High Impact Expected,Core PCE Price Index m/m,,,,
2026-01-22T13:30:00+00:00,USD,High Impact Expected,Final GDP q/q,,,,
2026-01-22T13:30:00+00:00,USD,High Impact Expected,Unemployment Claims,,,,
2026-01-23T14:45:00+00:00,USD,High Impact Expected,Flash Manufacturing PMI,,,,
2026-01-23T14:45:00+00:00,USD,High Impact Expected,Flash Services PMI,,,,
2026-01-28T19:00:00+00:00,USD,High Impact Expected,Federal Funds Rate,,,,
2026-01-28T19:00:00+00:00,USD,High Impact Expected,FOMC Statement,,,,
2026-01-28T19:30:00+00:00,USD,High Impact Expected,FOMC Press Conference,,,,
2026-01-29T13:30:00+00:00,USD,High Impact Expected,Unemployment Claims,,,,
2026-01-30T13:30:00+00:00,USD,High Impact Expected,Core PPI m/m,,,,
2026-01-30T13:30:00+00:00,USD,High Impact Expected,PPI m/m,,,,
